Filename,Birth,Death,Publish,傳記類,公車類,公車類,哀祭類,序跋類,書簡類,詩類,雜著類,SUM,ActivityYear
一庵集,1648,1711,1865,0,128,0,0,1,59,145,0,333,1679
冠峯遺稿,1673,1731,,3,0,0,22,4,117,26,30,202,1702
耐齋集,1672,1715,1730,7,0,0,6,14,9,229,18,283,1693
雲坪集,1710,1758,,0,17,0,13,2,148,68,20,268,1734
江漢集,1709,1787,1790,105,61,0,30,164,37,209,71,677,1748
圓嶠集,1705,1777,,25,0,0,17,0,3,127,19,191,1741
景淵堂集,1654,1710,,4,24,0,29,1,0,1,541,600,1682
素谷遺稿,1708,1786,1915,72,25,0,34,28,33,22,60,274,1747
順菴集,1712,1791,1900,95,1,0,30,51,243,139,46,605,1751
閒靜堂集,1710,1752,1788,10,0,0,10,7,88,102,46,263,1731
夢窩集,1648,1722,1758,0,53,0,0,2,0,368,0,423,1685
月谷集,1700,1740,1752,17,46,0,29,19,21,595,23,750,1720
百弗菴集,1705,1786,1816,11,0,0,26,0,469,57,27,590,1745
雷淵集,1698,1773,1783,125,84,0,59,65,94,975,108,1510,1735
柳下集,1653,1725,1730,8,3,0,7,13,2,1848,11,1892,1689
在澗集,1712,1783,1813,30,0,0,14,8,7,96,8,163,1747
____集,1708,1782,,0,0,0,2,47,0,60,62,171,1745
老稼齋集,1658,1721,1798,0,0,0,0,2,0,551,171,724,1689
蒼雪齋集,1654,1725,,34,0,0,43,17,102,647,90,933,1689
損窩遺稿,1654,1724,1933,8,160,0,6,11,6,676,8,875,1689
玉吾齋集,1657,1723,1760,21,115,0,29,11,0,429,15,620,1690
渼湖集,1702,1772,1799,63,28,0,43,31,430,183,40,818,1737
小山集,1714,1789,,44,3,0,26,42,196,122,17,450,1751
凌壺集,1710,1760,1779,0,0,0,18,17,18,238,21,312,1735
希菴集,1669,1731,1775,9,20,0,43,24,16,1705,204,2021,1700
鹿門集,1711,1788,1795,26,17,0,30,21,329,34,57,514,1749
大山集,1711,1781,1802,68,6,0,42,77,667,350,53,1263,1746
霅橋集,1718,1774,1906,4,1,0,17,31,6,297,42,398,1746
蘆厓集,1721,1791,,17,0,0,18,5,98,138,26,302,1756
晦窩詩稿,1656,1710,,0,0,0,0,0,0,285,100,385,1683
江左集,1688,1749,,13,4,0,35,13,66,460,25,616,1718
戒懼菴集,1702,1782,1865,0,0,0,5,2,48,119,87,261,1742
定齋集,1654,1689,1702,25,65,0,67,17,182,338,105,799,1671
晉菴集,1698,1761,1762,10,66,0,25,29,9,359,27,525,1729
九思堂集,1708,1766,1801,6,0,0,43,6,115,141,49,360,1737
旅菴遺稿,1712,1781,1910,21,7,0,13,36,6,83,69,235,1746
李參奉集,1720,1783,1805,0,31,0,0,3,0,154,0,188,1751
崧岳集,1682,1723,,10,0,0,2,4,11,135,26,188,1702
艮齋集,1650,1735,,48,116,0,23,4,26,147,14,378,1692
春洲遺稿,1699,1733,,3,0,0,4,6,2,199,9,223,1716
果菴集,1710,1783,1933,49,25,0,30,28,35,37,22,226,1746
恕菴集,1681,1716,1738,8,17,0,16,34,221,503,32,831,1698
農巖集,1651,1708,1928,39,71,0,107,59,301,574,54,1205,1679
櫟泉集,1705,1768,1805,44,33,0,48,11,369,379,40,924,1736
鶴巖集,1680,1732,,0,121,0,7,12,12,563,27,742,1706
陶菴集,1680,1746,1803,369,55,0,42,26,889,647,49,2077,1713
頭陀草,1677,1724,,0,0,0,0,0,0,1630,172,1802,1700
陶谷集,1669,1745,1766,219,92,0,13,21,14,343,17,719,1707
圃巖集,1680,1761,1767,75,55,0,35,44,67,685,37,998,1720
圃陰集,1662,1713,1726,4,0,0,14,2,43,125,12,200,1687
謙齋集,1675,1728,,30,313,0,91,31,0,2334,15,2814,1701
屛山集,1661,1733,,19,114,0,30,7,0,255,5,430,1697
寒圃齋集,1663,1722,1758,8,161,0,38,10,5,246,11,479,1692
壽谷集,1661,1721,,47,17,0,44,8,21,12,17,166,1691
玉川集,1658,1737,1898,62,27,0,37,18,102,167,44,457,1697
德村集,1665,1742,1806,9,22,0,15,8,54,14,18,140,1703
杞園集,1672,1744,1833,48,59,0,61,52,65,862,48,1195,1708
巍巖遺稿,1677,1727,1760,6,9,0,13,6,151,165,21,371,1702
竹泉集,1658,1716,1773,41,248,0,70,13,15,434,11,832,1687
晩靜堂集,1652,1719,,50,372,0,22,41,0,149,19,653,1685
鳴巖集,1660,1711,,3,15,0,6,1,0,329,1,355,1685
敬庵遺稿,1674,1739,1916,33,20,0,21,8,224,134,32,472,1706
息山集,1664,1732,1813,78,0,0,111,78,405,224,311,1207,1698
白下集,1680,1741,1927,24,68,0,25,12,18,126,2,275,1710
松巖集,1665,1741,1758,8,3,0,8,2,184,20,26,251,1703
白日軒遺集,1677,1735,1949,6,99,0,14,4,14,70,6,213,1706
芝湖集,1631,1692,1856,34,21,0,11,24,26,148,18,282,1661
挹翠軒遺稿,1479,1504,1514,6,0,0,1,4,0,148,1,160,1491
睡軒集,1467,1498,1509,2,2,0,22,4,0,51,138,219,1482
安分堂詩集,1473,1548,,0,0,0,0,0,0,104,0,104,1510
明谷集,1646,1715,1721,78,123,0,45,88,53,741,116,1244,1680
霞谷集,1649,1736,,19,23,0,20,12,41,599,22,736,1692
靜觀齋集,1628,1669,1682,10,46,0,32,14,302,372,57,833,1648
慕齋集,1478,1543,1574,58,84,0,14,17,2,1282,28,1485,1510
忘軒遺稿,1468,1504,1571,0,0,0,0,2,0,79,4,85,1486
憂亭集,1474,1540,1860,7,4,0,23,3,0,516,1,554,1507
鳳巖集,1683,1741,1783,16,13,0,35,27,84,215,68,458,1712
寓菴稿,1473,1508,,0,0,0,1,1,0,255,0,257,1490
虛庵遺集,1469,1502,1897,5,1,0,0,4,0,279,6,295,1485
浣巖集,1681,1759,1765,13,0,0,11,10,0,460,20,514,1720
寒水齋集,1641,1721,1761,146,48,0,49,54,597,258,31,1183,1681
夢囈集,1689,1714,1723,0,0,0,0,1,0,56,11,68,1701
立齋遺稿,1689,1756,1912,21,17,0,31,31,14,609,123,846,1722
容齋集,1478,1534,1586,28,7,0,11,18,0,1260,17,1341,1506
陰崖集,1480,1533,1754,5,8,0,3,5,4,118,15,158,1506
退憂堂集,1626,1690,1710,5,114,0,2,6,32,242,8,409,1658
雩沙集,1635,1703,1712,9,426,0,14,3,39,27,15,533,1669
老峯集,1628,1692,1734,25,103,0,16,5,170,58,6,383,1660
癡軒集,1680,1748,1870,1,2,0,12,5,20,128,6,174,1714
睡谷集,1645,1718,1739,30,122,0,42,12,106,236,21,569,1681
悔軒集,1691,1757,1762,40,129,0,39,11,48,896,28,1191,1724
企齋集,1484,1555,1573,17,23,0,15,7,0,1232,21,1315,1519
訥齋集,1474,1530,1796,6,9,0,10,7,0,620,9,661,1502
濯纓集,1464,1498,1512,7,21,0,15,18,1,30,29,121,1481
希樂堂稿,1481,1537,,26,9,0,9,12,0,306,51,413,1509
荷塘集,1643,1719,1810,25,0,0,40,9,12,121,57,264,1681
聾巖集,1467,1555,1665,6,3,0,20,9,17,182,7,244,1511
思齋集,1485,1541,1591,6,9,0,3,8,4,380,18,428,1513
默齋集,1476,1549,1561,15,5,0,3,5,0,362,5,395,1512
冠陽集,1690,1748,,12,54,0,14,6,22,263,17,388,1719
文貞公遺稿,1630,1687,,0,189,0,79,0,585,144,6,1003,1658
梧川集,1692,1759,1937,31,257,0,48,5,82,127,102,652,1725
迂齋集,1639,1685,1741,12,29,0,21,3,0,263,30,358,1662
損齋集,1702,1762,,0,85,0,0,0,0,273,0,358,1732
醒齋遺稿,1634,1697,,1,165,0,25,22,12,1048,3,1276,1665
霽山集,1684,1747,1860,23,28,0,46,17,164,212,18,508,1715
恒齋集,1631,1698,1808,28,0,0,5,3,38,54,12,140,1664
知守齋集,1691,1767,1878,91,137,0,32,30,59,85,3,437,1729
霽月堂集,1630,1709,1819,12,57,0,14,3,0,392,5,483,1669
三山集,1702,1761,1863,8,28,0,24,6,67,56,12,201,1731
拙修齋集,1638,1689,1710,5,0,0,16,0,90,250,5,366,1663
明齋遺稿,1629,1714,1732,142,141,0,103,40,1623,594,39,2682,1671
東谿集,1693,1737,1741,45,9,0,37,79,34,35,103,342,1715
西河集,1633,1688,1701,16,96,0,36,26,46,491,18,729,1660
靑泉集,1681,1752,1770,8,3,0,37,44,60,317,117,586,1716
陽谷集,1486,1562,1571,32,4,0,2,11,0,973,10,1032,1524
寓軒集,1636,1690,1833,9,16,0,20,10,30,217,11,313,1663
南塘集,1682,1751,1765,24,27,0,12,37,302,214,75,691,1716
屛溪集,1683,1767,1802,132,95,0,55,42,715,303,69,1411,1725
觀復菴詩稿,1682,1700,1709,1,0,0,0,1,0,242,0,244,1691
游齋集,1647,1703,,25,22,0,15,40,10,839,79,1030,1675
文谷集,1629,1689,1699,50,271,0,30,18,82,759,24,1234,1659
葛庵集,1627,1704,1909,103,135,0,82,43,338,257,28,986,1665
冲齋集,1478,1548,1671,7,7,0,9,4,6,36,20,89,1513
一庵遺稿,1685,1741,,12,14,0,8,3,58,0,13,108,1713
厚齋集,1646,1732,1766,32,60,0,27,22,142,112,491,886,1689
甲峰遺稿,1649,1723,1904,0,87,0,0,2,0,153,0,242,1686
歸鹿集,1691,1752,,127,525,0,83,27,96,1116,85,2059,1721
樗村遺稿,1685,1753,1938,28,0,0,24,4,500,2450,31,3037,1719
藥泉集,1629,1711,1723,146,274,0,17,33,203,200,34,907,1670
李評事集,1471,1498,1631,0,3,0,2,3,0,40,8,56,1484
直齋集,1641,1708,1887,14,20,0,18,11,153,153,11,380,1674
靜菴集,1482,1519,1681,9,134,0,24,7,2,38,23,237,1500
西溪集,1629,1703,,80,63,0,3,27,56,556,15,800,1666
鶴庵集,1642,1708,1884,3,0,0,1,7,36,5,61,113,1675
松堂集,1471,1540,1905,4,0,0,8,10,5,27,14,68,1505
松齋集,1469,1517,1584,4,2,0,0,5,0,265,11,287,1493
水村集,1632,1681,1932,5,96,0,4,2,4,217,20,348,1656
瑞石集,1633,1687,1701,30,195,0,30,10,0,412,3,680,1660
壺谷集,1628,1692,1695,26,36,0,17,20,0,1480,371,1950,1660
華谷集,1687,1737,1794,0,0,0,0,7,0,136,6,149,1712
十淸集,1473,1533,1748,6,1,0,3,7,0,291,10,318,1503
藥山漫稿,1689,1745,1924,29,30,0,19,30,0,287,37,432,1717
西坡集,1645,1703,1729,14,148,0,52,40,79,1200,28,1561,1674
貞菴集,1694,1756,1799,44,6,0,19,12,340,162,9,592,1725
農隱遺稿,1632,1707,1916,2,0,0,0,1,116,261,18,398,1669
息庵遺稿,1634,1684,1680,34,203,0,35,8,32,366,300,978,1659
寓軒集,1629,1693,1898,2,0,0,0,1,50,37,12,102,1661
老村集,1683,1719,1735,17,27,0,4,6,21,138,53,266,1701
南溪集,1631,1695,1732,188,508,0,96,105,1158,702,252,3009,1663
恬軒集,1638,1697,1760,40,48,0,19,17,0,2270,21,2415,1667
水村集,1640,1724,1760,5,45,0,23,23,0,740,49,885,1682
學圃集,1480,1545,1840,12,10,0,5,6,1,20,13,67,1512
丈巖集,1648,1736,1756,104,140,0,32,46,49,229,41,641,1692
星湖全集,1681,1763,1922,161,6,0,51,210,512,754,238,1932,1722
芝村集,1655,1724,1754,42,51,0,35,24,322,122,28,624,1689
密菴集,1657,1730,,64,0,0,42,33,225,233,236,833,1693
疎齋集,1658,1722,1759,35,152,0,37,33,109,139,30,535,1690
三淵集,1653,1722,1732,66,0,0,87,48,862,2878,107,4048,1687
滄溪集,1649,1696,1708,8,134,0,6,9,322,336,113,928,1672
約軒集,1652,1720,,27,92,0,16,49,16,128,58,386,1686
遜齋集,1655,1723,1782,17,6,0,14,9,48,68,60,222,1689
直菴集,1696,1766,1811,45,28,0,19,47,153,24,8,324,1731
龍巖集,1493,1562,1778,6,0,0,7,3,24,57,7,104,1527
巖棲集,1873,1933,,148,0,0,46,99,255,523,164,1235,1903
止止堂詩集,1437,1487,1501,0,0,0,0,2,0,244,0,246,1462
勿齋集,1427,1497,1726,2,12,0,3,5,1,36,7,66,1462
修堂遺集,1855,1907,,51,39,0,30,52,84,109,107,472,1881
東湖集,1566,1651,,7,1,0,28,3,16,75,2,132,1608
雲巖逸稿,1487,1544,1783,5,3,0,3,2,0,11,2,26,1515
洛涯遺稿,1564,1632,1801,4,0,0,4,4,0,55,8,75,1598
陽園遺集,1851,1909,,40,78,0,21,74,23,280,117,633,1880
凌虛集,1566,1630,1799,7,1,0,2,3,68,124,18,223,1598
風月亭集,1454,1488,1727,1,0,0,0,6,0,338,2,347,1471
九峯集,1563,1626,1866,5,1,0,2,9,20,12,12,61,1594
瀼西集,1564,1637,,6,19,0,14,0,2,380,5,426,1600
俛宇集,1846,1919,1925,373,25,0,69,183,3583,1092,363,5688,1882
月峯集,1564,1647,1859,10,0,0,16,9,33,188,0,256,1605
松沙集,1846,1916,1931,1041,5,0,53,413,1035,209,736,3492,1881
沙村集,1563,1609,1822,3,0,0,2,3,0,41,8,57,1586
圭齋遺藁,1817,1863,1864,1,32,0,11,24,0,156,23,247,1840
希菴遺稿,1564,1627,1902,2,1,0,4,6,2,343,6,364,1595
灌圃詩集,1470,1550,1617,0,0,0,0,2,0,213,2,217,1510
南窓雜藁,1542,1621,1634,0,0,0,0,1,0,138,0,139,1581
思湖集,1565,1617,,4,14,0,46,17,38,193,27,339,1591
檜山集,1497,1540,1765,3,4,0,1,5,0,21,8,42,1518
晩軒集,1524,1609,1805,13,5,0,32,7,6,160,15,238,1566
梧峯集,1562,1624,1740,6,5,0,16,10,11,467,4,519,1593
獨庵遺稿,1495,1535,1760,3,0,0,1,4,0,205,1,214,1515
沙村集,1547,1615,1824,6,0,0,10,8,1,134,8,167,1581
醒翁遺稿,1562,1636,1706,6,20,0,8,4,0,107,3,148,1599
毅菴集,1842,1915,1917,76,5,0,36,102,905,683,395,2202,1878
安村集,1544,1602,1884,2,1,0,4,3,5,224,8,247,1573
竹窓集,1566,1650,1668,2,2,0,9,5,0,477,7,502,1608
南川集,1543,1617,1864,2,3,0,7,4,3,195,5,219,1580
松潭集,1537,1626,1686,1,0,0,1,5,0,319,2,328,1581
少陵集,1560,1624,1708,4,31,0,1,4,17,231,3,291,1592
撫松軒集,1416,1464,,7,72,0,5,5,0,10,7,106,1440
萬竹軒集,1542,1587,1790,4,2,0,1,2,0,84,0,93,1564
竹軒集,1560,1638,1867,4,0,0,16,2,4,208,7,241,1599
惺齋集,1530,1604,1909,4,0,0,4,8,23,98,11,148,1567
頤齋集,1561,1625,,1,2,0,1,9,3,288,7,311,1593
東湘集,1525,1610,1870,2,0,0,3,3,0,397,13,418,1567
苟全集,1566,1629,1831,8,25,0,34,15,11,338,25,456,1597
開巖集,1524,1590,1772,3,10,0,5,3,3,25,5,54,1557
鰲峯集,1527,1599,1695,5,5,0,3,2,0,254,2,271,1563
臨淵齋集,1534,1588,1855,7,16,0,14,1,21,365,9,433,1561
峒隱稿,1533,1621,1659,2,0,0,0,3,2,328,0,335,1577
芝山集,1524,1569,1826,3,0,0,3,2,2,113,4,127,1546
松菴遺稿,1541,1593,1885,3,7,0,8,2,6,43,5,74,1567
石溪集,1559,1625,1871,3,4,0,14,5,0,120,18,164,1592
瓢翁遺稿,1556,1620,1795,2,0,0,1,3,2,249,2,259,1588
茅谿集,1554,1631,1829,16,2,0,25,2,52,28,7,132,1592
逸翁集,1560,1651,1846,3,9,0,0,11,0,207,7,237,1605
東籬集,1560,1622,1811,4,3,0,21,2,18,285,5,338,1591
橘屋拙稿,1559,1619,1829,5,5,0,4,11,7,412,13,457,1589
炊沙集,1556,1631,1831,8,6,0,5,10,0,69,11,109,1593
聱漢集,1559,1617,1825,7,4,0,5,8,12,318,21,375,1588
月澗集,1558,1648,1802,8,4,0,23,10,84,112,19,260,1603
嶧陽集,1556,1619,1811,7,8,0,23,8,28,104,14,192,1587
龍溪遺稿,1559,1631,1654,1,0,0,0,2,0,463,0,466,1595
可畦集,1556,1613,,5,1,0,9,2,1,552,110,680,1584
問月堂集,1559,1617,1850,3,2,0,4,3,16,18,5,51,1588
感樹齋集,1554,1611,1914,4,40,0,33,6,3,190,13,289,1582
近始齋集,1555,1593,1783,9,3,0,11,4,41,112,3,183,1574
海月集,1556,1622,1776,6,11,0,20,8,29,610,16,700,1589
鳴皐集,1559,1611,1704,0,0,0,2,1,0,244,0,247,1585
水北亭集,1557,1623,1832,1,0,0,0,3,0,162,0,166,1590
梅窓集,1558,1619,1821,7,5,0,11,6,4,234,5,272,1588
西潭集,1559,1624,1846,9,2,0,11,7,44,210,10,293,1591
滄溪集,1457,1521,1906,3,0,0,0,5,0,439,0,447,1489
靑蓮集,1520,1578,,1,1,0,0,1,0,78,0,81,1549
久庵集,1509,1570,1791,9,13,0,14,4,5,39,10,94,1539
無何翁集,1498,1554,1801,1,0,0,1,1,1,136,3,143,1526
松塘集,1524,1594,1642,1,0,0,0,1,0,678,0,680,1559
汲古遺稿,1515,1572,1617,2,3,0,0,1,0,239,4,249,1543
龜村集,1516,1571,1653,3,2,0,0,3,0,151,11,170,1543
崇德齋遺稿,1498,1562,1914,2,2,0,3,1,50,117,1,176,1530
岐峯集,1522,1556,1899,1,0,0,0,6,0,182,2,191,1539
梅軒集,1521,1584,,7,0,0,3,6,7,41,8,72,1552
後彫堂集,1516,1577,1822,5,5,0,10,2,33,185,13,253,1546
春塘集,1521,1606,1898,3,0,0,4,7,1,366,1,382,1563
松坡逸稿,1514,1558,1809,2,1,0,0,1,0,72,9,85,1536
西溪集,1553,1630,1833,3,8,0,18,7,29,100,22,187,1591
心庵遺稿,1796,1870,,54,276,0,53,56,0,990,64,1493,1833
大菴集,1549,1606,1693,10,4,0,45,1,65,137,2,264,1577
明美堂集,1852,1898,1917,53,8,0,23,38,12,440,55,629,1875
靑陸集,1552,1633,1647,1,12,0,0,8,0,380,14,415,1592
阮堂全集,1786,1856,1934,2,12,0,4,52,241,373,79,763,1821
獨石集,1551,1612,1727,3,11,0,4,3,0,83,1,105,1581
桑楡集,1534,1607,1618,0,0,0,0,2,0,364,0,366,1570
荷衣遺稿,1549,1591,1692,3,1,0,2,1,0,219,1,227,1570
經山集,1783,1873,1895,56,169,0,21,23,8,289,17,583,1828
北厓集,1547,1603,,5,0,0,12,3,6,131,2,159,1575
冥觀遺稿集,1542,1615,1628,0,3,0,6,2,1,189,1,202,1578
鑑湖集,1552,1619,1860,7,8,0,5,6,21,251,6,304,1585
溪堂集,1813,1872,1928,58,3,0,55,67,282,84,39,588,1842
夏園詩鈔,1808,1858,1854,0,0,0,0,2,0,103,0,105,1833
晦谷集,1539,1617,1833,8,3,0,24,3,15,62,5,120,1578
善養亭集,1536,1596,1905,4,5,0,12,12,16,177,16,242,1566
樂齋集,1550,1615,1843,9,0,0,45,4,84,256,15,413,1582
四未軒集,1815,1900,1906,106,2,0,35,32,257,107,52,591,1857
守宗齋集,1808,1858,1902,33,14,0,29,33,81,55,22,267,1833
西浦集,1548,1630,1900,3,2,0,2,7,1,602,9,626,1589
性齋集,1797,1886,1903,277,39,0,115,187,288,417,266,1589,1841
艮齋集,1841,1922,1927,83,3,0,70,284,2503,1829,679,5451,1881
省齋集,1832,1893,1897,28,4,0,41,52,579,100,155,959,1862
慕堂集,1549,1615,,4,26,0,11,5,0,205,10,261,1582
松巢集,1552,1590,1811,4,1,0,23,7,28,109,5,177,1571
慕堂集,1553,1634,1849,10,0,0,25,2,29,356,4,426,1593
恩誦堂集,1803,1865,1848,3,0,0,0,23,0,477,28,531,1834
禾谷集,1553,1616,1899,4,19,0,6,6,15,24,2,76,1584
海翁藁,1798,1868,,0,0,0,15,25,82,872,7,1001,1833
歗齋集,1790,1866,1890,5,0,0,2,16,0,255,38,316,1828
倻溪集,1494,1558,1924,8,8,0,7,3,2,19,30,77,1526
溪陰集,1549,1612,1899,1,7,0,1,2,7,226,6,250,1580
東湖集,1551,1611,1718,2,0,0,0,6,0,26,11,45,1581
悠然堂集,1553,1602,,3,3,0,13,4,12,32,16,83,1577
息庵集,1544,1616,1769,5,8,0,20,5,15,376,5,434,1580
韶濩堂集,1850,1927,1927,140,3,0,11,98,28,657,139,1076,1888
勉菴集,1833,1906,1909,442,29,0,20,177,958,326,204,2156,1869
舫山集,1836,1907,1910,73,2,0,36,86,213,711,87,1208,1871
梅泉集,1855,1910,1913,18,1,0,9,20,21,436,46,551,1882
李海鶴遺書,1848,1909,,6,4,0,3,20,27,170,36,266,1878
淵齋集,1836,1905,1907,319,33,0,56,161,502,261,218,1550,1870
雲養集,1835,1922,1930,45,43,0,53,169,60,1232,112,1714,1878
鼓山集,1811,1876,1883,184,44,0,49,67,401,184,110,1039,1843
眉山集,1832,1894,1934,38,50,0,39,76,38,429,63,733,1863
后山集,1833,1904,1909,67,0,0,23,44,416,367,106,1023,1868
晩退軒遺稿,1553,1623,1684,3,13,0,4,2,7,18,4,51,1588
晩求集,1837,1902,1936,104,2,0,87,82,710,294,89,1368,1869
嘉梧藁略,1814,1888,,100,263,0,1,49,75,627,109,1224,1851
澹人集,1799,1877,1916,5,33,0,91,32,155,679,25,1020,1838
鳳棲集,1801,1859,1913,21,2,0,7,28,55,4,50,167,1830
瓛齋集,1807,1876,1913,9,30,0,3,27,163,57,10,299,1841
西山集,1827,1899,1907,111,1,0,52,23,623,152,25,987,1863
荷亭集,1829,1899,1916,23,72,0,28,19,3,259,35,439,1864
古歡堂收艸,1820,1884,1885,7,3,0,5,21,3,489,24,552,1852
果齋集,1784,1852,1883,27,22,0,16,10,36,221,15,347,1818
寒洲集,1818,1886,1928,38,5,0,67,49,360,465,72,1056,1852
重菴集,1819,1891,1906,83,8,0,52,81,814,448,200,1686,1855
竹牖集,1540,1617,1824,13,7,0,20,21,30,179,7,277,1578
洛下生集,1770,1835,,6,1,0,4,30,79,1011,191,1322,1802
沙磯集,1789,1866,1934,16,40,0,41,18,13,217,12,357,1827
東樊集,1792,1863,1909,0,0,0,5,1,1,287,3,297,1827
藫庭遺藁,1766,1821,1882,10,0,0,7,122,4,179,61,383,1793
與猶堂全書,1762,1836,,45,62,0,15,186,220,1226,6346,8100,1799
警修堂全藁,1769,1845,,0,0,0,1,23,0,2041,0,2065,1807
存齋集,1771,1849,,10,1,0,23,34,0,2606,47,2721,1810
肅齋集,1800,1870,1903,30,18,0,33,23,494,146,22,766,1835
定齋集,1777,1861,1883,251,14,0,108,104,912,42,80,1511,1819
雲石遺稿,1782,1850,1868,54,132,0,29,45,0,424,15,699,1816
弘齋全書,1752,1800,1814,27,682,0,431,98,29,334,2501,4102,1776
臺山集,1776,1840,1879,46,10,0,20,45,48,340,33,542,1808
秋齋集,1762,1849,1939,7,2,0,4,16,10,1631,46,1716,1805
淵泉集,1774,1842,,111,144,0,67,104,28,548,102,1104,1808
老洲集,1763,1833,1892,64,30,0,32,25,548,0,32,731,1798
華西集,1792,1868,,23,11,0,20,26,469,386,228,1163,1830
金陵集,1760,1840,1815,91,215,0,48,235,44,434,103,1170,1800
斗室存稿,1766,1838,,0,0,0,0,0,92,494,1,587,1802
錦谷集,1791,1867,1907,99,57,0,56,53,224,126,34,649,1829
蓮坡詩鈔,1797,1865,1928,1,0,0,0,3,0,182,0,186,1831
碩齋稿,1762,1801,,73,49,0,67,60,60,163,133,605,1781
梣溪遺稿,1793,1874,,47,40,0,38,47,0,258,6,436,1833
蘆沙集,1798,1879,1902,67,7,0,13,245,696,276,137,1441,1838
靑莊館全書,1741,1793,1900,67,0,0,1,28,559,729,927,2311,1767
成齋集,1791,1849,,2,105,0,22,15,58,759,43,1004,1820
凌虛關漫稿,1735,1762,1814,1,462,0,10,2,14,155,83,727,1748
無名子集,1741,1826,,2,124,0,11,25,78,2071,163,2474,1783
惕齋集,1754,1825,1932,15,91,0,24,9,25,384,81,629,1789
貞㽔閣集,1750,1805,,9,8,0,12,28,39,823,30,949,1777
梧墅集,1791,1854,,31,148,0,72,19,3,641,96,1010,1822
(海石遺稿,1746,1827,,35,23,0,52,13,19,328,13,483,1786
錦帶詩文鈔,1742,1801,,28,2,0,1,30,0,96,10,167,1771
拱白堂集,1748,1800,,2,0,0,9,6,20,13,19,69,1774
四名子詩集,1753,1809,1914,1,0,0,4,6,0,278,0,289,1781
後溪集,1754,1832,,19,3,0,54,26,79,279,25,485,1793
梅山集,1776,1852,1866,201,32,0,43,46,1007,517,52,1898,1814
艮翁集,1719,1791,1795,49,38,0,42,47,19,968,88,1251,1755
三山齋集,1722,1791,1854,6,26,0,34,28,132,202,23,451,1756
耳溪集,1724,1802,1843,173,72,0,55,96,20,82,935,1433,1763
石北集,1712,1775,1906,6,4,0,31,16,122,767,322,1268,1743
保晚齋集,1716,1787,1838,36,51,0,26,42,20,155,50,380,1751
豐墅集,1717,1799,,109,3,0,25,15,3,601,18,774,1758
雙溪遺稿,1719,1792,,57,128,0,42,14,4,185,14,444,1755
剛齋集,1759,1838,1865,109,78,0,43,74,145,47,22,518,1798
海左集,1723,1801,1867,37,36,0,59,122,14,1755,222,2245,1762
明皐全集,1749,1824,,32,66,0,22,45,28,134,76,403,1786
而已广集,1759,1828,,0,0,0,12,24,13,775,25,849,1793
本庵集,1721,1780,1798,59,4,0,41,27,189,251,254,825,1750
硏經齋全集,1760,1839,,219,10,0,59,299,27,1002,2132,3748,1799
竹石館遺集,1759,1816,,17,92,0,15,20,9,298,82,533,1787
樊巖集,1720,1799,1824,146,489,0,86,70,28,517,1364,2700,1759
楓皐集,1765,1832,1854,45,70,0,25,29,37,794,42,1042,1798
楓石全集,1764,1845,,36,23,0,10,36,24,0,32,161,1804
石泉遺稿,1760,1828,1938,24,2,0,16,11,1,10,14,78,1794
岱淵遺藁,1767,1830,,7,0,0,7,6,0,112,5,137,1798
宛丘遺集,1735,1809,1820,9,0,0,25,13,7,0,21,75,1772
燕巖集,1737,1805,1932,30,11,0,11,41,103,32,81,309,1771
信齋集,1738,1780,,6,0,0,16,0,12,161,22,217,1759
靑城集,1732,1809,1840,20,0,0,22,60,8,478,46,634,1770
自著,1732,1811,,55,0,0,56,88,64,849,253,1365,1771
燕石,1730,1796,,50,80,0,51,48,30,0,51,310,1763
近齋集,1734,1799,1817,30,0,0,34,30,586,328,64,1072,1766
夢梧集,1728,1799,1910,27,36,0,15,33,6,107,14,238,1763
性潭集,1728,1807,,210,97,0,61,93,300,209,97,1067,1767
松穆館燼餘稿,1740,1766,1860,3,0,0,0,3,2,47,3,58,1753
錦石集,1739,1807,1816,8,8,0,11,7,99,405,22,560,1773
荷棲集,1727,1787,1789,15,70,0,26,25,11,261,35,443,1757
修山集,1731,1797,1799,23,9,0,12,68,2,92,133,339,1764
存齋集,1727,1798,1875,31,10,0,9,18,18,128,126,340,1762
湛軒書,1731,1783,1939,9,0,0,9,14,50,24,115,221,1757
醇庵集,1727,1792,1808,26,25,0,14,32,17,253,60,427,1759
過齋遺稿,1739,1799,1928,11,2,0,7,0,20,12,13,65,1769
泠齋集,1748,1807,,4,5,0,0,19,0,635,10,673,1777
默軒集,1736,1820,1938,55,1,0,56,19,66,65,66,328,1778
立齋集,1738,1816,1835,104,6,0,76,80,335,626,178,1405,1777
晚覺齋集,1738,1811,1926,10,2,0,22,16,29,113,9,201,1774
屐園遺稿,1752,1820,,56,208,0,87,54,5,765,88,1263,1786
下廬集,1750,1827,1918,71,1,0,30,50,92,77,65,386,1788
椒園遺藁,1744,1816,,0,0,0,0,0,0,292,57,349,1780
頤齋遺藁,1729,1791,1829,52,3,0,42,65,194,536,61,953,1760
黎湖集,1680,1748,,108,125,0,61,0,190,260,29,773,1714
竹下集,1723,1790,,14,291,0,29,9,56,419,16,834,1756
遯窩遺稿,1665,1721,,1,21,0,6,5,0,360,9,402,1693
西堂私載,1673,1744,,179,0,0,0,56,4,454,37,730,1708
西浦集,1637,1692,1702,2,42,0,11,4,0,230,6,295,1664
昆侖集,1669,1720,1725,24,26,0,50,9,85,529,30,753,1694
克齋集,1672,1722,1862,4,0,0,3,15,59,155,55,291,1697
北軒集,1670,1717,1760,2,13,0,28,22,10,238,284,597,1693
陶雲遺集,1672,1737,1854,1,6,0,9,3,0,718,5,742,1704
屛谷集,1672,1749,1797,9,1,0,32,9,103,196,173,523,1710
訥隱集,1674,1756,1808,114,2,0,37,56,46,181,63,499,1715
竹所集,1580,1656,,3,46,0,12,0,0,315,4,380,1618
東溟集,1597,1673,1674,0,0,0,0,2,0,777,0,779,1635
松崖集,1596,1653,1871,8,55,0,14,4,31,32,6,150,1624
,1596,1668,1712,10,0,0,13,9,77,375,31,515,1632
百源集,1596,1675,1755,6,7,0,18,5,191,242,3,472,1635
記言,1595,1682,1772,285,166,0,69,155,197,100,334,1306,1638
白洲集,1595,1645,1646,17,72,0,30,22,28,1477,45,1691,1620
謙齋集,1593,1666,1746,15,2,0,54,17,142,329,128,687,1629
白軒集,1595,1671,1700,88,232,0,83,56,54,1532,52,2097,1633
敬窩集,1597,1638,,8,0,0,8,2,12,374,23,427,1617
東溟集,1593,1646,1737,16,21,0,9,21,0,550,10,627,1619
天坡集,1592,1634,1646,2,6,0,6,8,0,561,11,594,1613
涬溟齋詩集,1591,1666,1725,0,0,0,0,2,0,607,0,609,1628
東州集,1589,1670,,81,2,0,27,55,6,1702,40,1913,1629
玄谷集,1588,1635,1650,4,19,0,21,2,0,322,4,372,1611
樂全堂集,1588,1644,1682,48,9,0,26,71,22,479,17,672,1616
谿谷集,1587,1638,1643,53,158,0,37,71,1,1024,325,1669,1612
孤山遺稿,1587,1671,1796,9,37,0,7,4,133,272,20,482,1629
鶴沙集,1587,1667,1776,86,21,0,59,37,14,327,26,570,1627
遯菴全書,1588,1653,1926,3,1,0,0,6,0,29,161,200,1620
龍洲遺稿,1586,1669,1703,58,119,0,33,29,2,714,23,978,1627
遲川集,1586,1647,1664,6,133,0,1,6,2,688,5,841,1616
澤堂集,1584,1647,1674,62,109,0,11,57,45,1214,83,1581,1615
畸庵集,1582,1650,1653,10,36,0,29,6,4,633,105,823,1616
月塘集,1580,1643,1772,5,91,0,28,4,0,104,19,251,1611
潛谷遺稿,1580,1658,1670,18,179,0,29,22,2,380,16,646,1619
浦渚集,1579,1655,1688,37,185,0,63,42,41,147,104,619,1617
澗松集,1585,1664,1744,21,6,0,96,25,51,469,26,694,1624
白江集,1585,1657,1684,5,151,0,21,2,0,558,14,751,1621
竹南堂稿,1587,1666,1689,2,38,0,4,2,0,489,3,538,1626
朽淺集,1579,1642,1713,5,5,0,7,14,15,96,168,310,1610
休翁集,1577,1624,1636,3,6,0,5,6,0,215,5,240,1600
溪巖集,1577,1641,1772,3,6,0,17,4,30,350,7,417,1609
晴沙集,1577,1652,1680,2,14,0,12,6,6,278,5,323,1614
疎菴集,1576,1623,,5,14,0,19,49,6,176,19,288,1599
晩雲集,1575,1636,1894,3,17,0,7,4,44,53,7,135,1605
竹陰集,1575,1638,1681,10,16,0,27,6,0,1057,7,1123,1606
茶山集,1575,1638,1685,0,0,0,0,1,0,552,0,553,1606
愼獨齋遺稿,1574,1656,1710,39,104,0,19,7,105,222,1,497,1615
化堂集,1576,1650,1720,2,35,0,11,5,2,274,14,343,1613
海峯集,1573,1623,1656,0,11,0,4,0,0,351,1,367,1598
紫巖集,1573,1649,1741,4,10,0,9,9,9,40,6,87,1611
隱峯全書,1573,1654,1773,16,39,0,13,24,22,41,73,228,1613
潛冶集,1573,1635,1766,3,11,0,4,1,32,0,27,78,1604
鶴湖集,1572,1630,,6,19,0,12,0,31,66,5,139,1601
鶴谷集,1572,1645,1706,13,17,0,13,2,0,401,37,483,1608
玄洲集,1572,1631,1651,9,36,0,16,66,3,505,37,672,1601
九畹集,1571,1634,1656,2,0,0,2,2,0,342,7,355,1602
北渚集,1571,1648,1658,13,106,0,9,2,0,339,0,469,1609
東岳集,1571,1637,1640,5,5,0,38,16,6,2929,6,3005,1604
敬亭集,1570,1629,1664,6,20,0,12,10,1,934,26,1009,1599
淸陰集,1570,1652,1654,119,190,0,19,40,49,1158,28,1603,1611
晩悔集,1570,1622,1712,8,17,0,14,3,19,65,21,147,1596
南坡相國集,1569,1646,1660,0,139,0,0,1,0,148,1,289,1607
桐溪集,1569,1641,1852,42,48,0,50,20,33,553,21,767,1605
石洲集,1569,1612,1632,4,1,0,3,7,2,656,12,685,1590
碧梧遺稿,1569,1626,,6,56,0,25,3,3,328,10,431,1597
惺所覆瓿藁,1569,1618,,20,3,0,13,66,195,383,338,1018,1593
敬菴集,1569,1620,,6,7,0,32,13,29,113,61,261,1594
霽湖集,1568,1629,1647,1,2,0,6,3,0,395,67,474,1598
玄谷集,1567,1649,1658,1,14,0,10,8,0,575,5,613,1608
象村稿,1566,1628,1629,74,109,0,39,84,50,1480,101,1937,1597
錦溪集,1566,1622,1823,8,5,0,2,11,1,82,40,149,1594
醉吃集,1564,1636,1882,1,3,0,1,2,0,362,0,369,1600
石樓遺稿,1567,1644,1659,0,16,0,10,2,0,674,7,709,1605
睡隱集,1567,1618,1658,7,31,0,5,6,7,205,29,290,1592
月沙集,1564,1635,1636,98,348,0,61,59,103,1237,118,2024,1599
敬堂集,1564,1633,1818,4,1,0,14,9,6,66,39,139,1598
水色集,1563,1640,1661,0,11,0,5,2,0,754,1,773,1601
農圃集,1565,1624,1708,2,25,0,4,2,6,135,11,185,1594
愚伏集,1563,1633,1657,45,179,0,72,30,251,223,86,886,1598
蘭雪軒詩集,1563,1589,1606,0,0,0,0,4,0,50,1,55,1576
守夢集,1563,1625,1661,5,43,0,24,1,15,88,4,180,1594
訒齋集,1563,1640,1778,20,52,0,37,13,30,145,31,328,1601
體素集,1563,1606,,1,1,0,3,13,6,447,13,484,1584
芝峯集,1563,1628,1633,24,31,0,28,48,8,1263,42,1444,1595
秋浦集,1562,1617,1684,0,41,0,5,1,13,26,16,102,1589
蘆溪集,1561,1642,1831,6,0,0,1,4,0,80,11,102,1601
蒼石集,1560,1635,1631,44,193,0,147,54,259,586,126,1409,1597
秋灘集,1559,1636,1692,2,138,0,10,2,3,197,2,354,1597
滄浪集,1559,1626,1682,3,1,0,5,12,17,262,8,308,1592
於于集,1559,1623,1832,27,30,0,12,51,21,657,47,845,1591
畏齋集,1558,1630,1744,11,0,0,18,3,4,18,2,56,1594
藥峯遺稿,1558,1631,1927,4,0,0,13,4,3,258,2,284,1594
柳川遺稿,1557,1627,1639,5,0,0,3,6,0,171,1,186,1592
白沙集,1556,1618,1629,50,199,0,2,23,34,246,32,586,1587
琴易堂集,1556,1609,1855,17,8,0,10,10,19,221,23,308,1582
五山集,1556,1615,1909,4,23,0,10,13,4,603,27,684,1585
漢陰文稿,1561,1613,1634,9,126,0,14,9,111,233,13,515,1587
仙源遺稿,1561,1637,1640,4,12,0,6,4,0,420,5,451,1599
溪隱遺稿,1556,1595,1708,2,11,0,2,4,0,117,2,138,1575
黔澗集,1555,1636,1740,11,13,0,34,3,13,156,11,241,1595
松亭集,1553,1612,1939,14,2,0,28,32,12,279,55,422,1582
沙西集,1563,1642,1862,7,26,0,44,8,43,216,10,354,1602
蓀谷詩集,1539,1610,1618,0,0,0,0,1,0,307,0,308,1574
雲川集,1557,1620,1694,7,5,0,31,3,4,242,4,296,1588
百拙齋遺稿,1554,1614,1702,2,18,0,0,2,0,133,0,155,1584
旅軒集,1554,1637,,31,41,0,79,21,90,141,150,553,1595
五峯集,1553,1634,1636,12,112,0,38,30,8,843,72,1115,1593
泰村集,1553,1623,1898,4,3,0,16,6,15,126,20,190,1588
久菴遺稿,1552,1615,1640,4,3,0,0,6,0,0,14,27,1583
晩翠集,1552,1618,1662,8,18,0,0,4,0,157,5,192,1585
苔泉集,1552,1626,1874,3,3,0,3,3,0,63,188,263,1589
忘憂集,1552,1617,1629,3,20,0,8,1,3,28,11,74,1584
泉谷集,1551,1592,1835,4,4,0,14,1,0,15,6,44,1571
林白湖集,1549,1587,1617,0,2,0,0,3,0,560,23,588,1568
知退堂集,1549,1607,,7,7,0,17,4,8,191,169,403,1578
西坰集,1549,1627,1665,6,40,0,0,9,7,524,2,588,1588
荷谷集,1551,1588,1707,3,2,0,5,9,12,245,10,286,1569
岳麓集,1548,1612,,7,2,0,5,3,1,120,4,142,1580
一松集,1548,1622,1649,4,21,0,16,2,0,642,1,686,1585
沙溪遺稿,1548,1631,1687,15,34,0,10,5,48,3,15,130,1589
梧里集,1547,1634,1705,8,271,0,26,6,9,110,8,438,1590
龍潭集,1547,1622,1911,6,13,0,7,8,13,218,6,271,1584
浮査集,1546,1632,1775,7,1,0,10,4,6,101,35,164,1589
芝軒集,1545,1607,1821,3,1,0,10,2,30,39,7,92,1576
芝山集,1545,1609,1883,10,13,0,35,8,74,220,12,372,1577
李忠武公全書,1545,1598,1795,14,94,0,18,5,7,32,168,338,1571
村隱集,1545,1636,1707,5,0,0,0,13,0,239,4,261,1590
重峰集,1544,1592,1748,11,28,0,23,11,34,252,47,406,1568
松巖集,1544,1598,1852,24,5,0,11,4,9,71,4,128,1571
寒岡集,1543,1620,1841,19,30,0,114,36,263,79,58,599,1581
靑溪集,1543,1592,,1,1,0,5,5,2,275,7,296,1567
孤潭逸稿,1533,1592,1891,6,11,0,2,6,3,257,7,292,1562
玉山詩稿,1542,1609,1680,2,0,0,1,3,0,140,2,148,1575
西厓集,1542,1607,1894,25,112,0,59,50,221,373,169,1009,1574
楓崖集,1542,1601,1802,3,0,0,5,2,2,92,6,110,1571
晩全集,1541,1615,,5,22,0,7,4,13,154,28,233,1578
四留齋集,1541,1600,1736,9,19,0,9,3,12,326,11,389,1570
艮齋集,1541,1596,1752,3,2,0,5,5,29,104,51,199,1568
松崖集,1541,1611,1776,17,7,0,0,4,0,0,2,30,1576
東岡集,1540,1603,1723,12,104,0,45,2,16,56,14,249,1571
柏巖集,1540,1616,1772,1,38,0,18,3,11,241,11,323,1578
孤竹遺稿,1539,1583,1683,0,0,0,1,4,0,197,2,204,1561
簡易集,1539,1612,1631,30,57,0,12,69,0,713,83,964,1575
坡谷遺稿,1539,1593,1640,1,2,0,0,4,9,223,0,239,1566
謙菴集,1539,1601,1742,3,1,0,3,7,100,37,33,184,1570
栢谷集,1538,1602,1710,13,38,0,30,7,3,28,11,130,1570
覺齋集,1538,1590,1813,1,0,0,2,3,3,128,33,170,1564
鵝溪遺稿,1539,1609,1595,2,17,0,1,7,0,2,551,580,1574
大笑軒逸稿,1537,1597,1769,3,1,0,19,4,3,12,11,53,1567
鶴峯集,1538,1593,1649,13,35,0,33,4,96,452,19,652,1565
月汀集,1537,1616,1647,13,15,0,21,27,24,391,140,631,1576
玉峯集,1537,1582,1608,0,0,0,0,5,28,440,25,498,1559
健齋集,1537,1593,1893,6,7,0,20,5,14,4,18,74,1565
拙翁集,1536,1594,1631,19,15,0,0,17,3,650,22,726,1565
松江集,1536,1593,1674,3,19,0,10,7,38,431,47,555,1564
藥圃遺稿,1536,1599,1727,3,3,0,11,3,6,100,258,384,1567
栗谷全書,1536,1584,1814,44,130,0,28,21,138,429,244,1034,1560
來庵集,1536,1623,1911,21,99,0,17,2,8,30,10,187,1579
牛溪集,1535,1598,1682,2,75,0,8,0,147,75,54,361,1566
龜峯集,1534,1599,1762,3,4,0,2,2,1,394,92,498,1566
草澗集,1534,1591,1812,2,25,0,2,5,0,224,7,265,1562
文峯集,1533,1576,1799,4,0,0,3,1,2,231,10,251,1554
霽峯集,1533,1592,1617,0,0,0,0,1,0,42,773,816,1562
淸江集,1536,1583,1610,37,5,0,8,8,4,43,17,122,1559
梧陰遺稿,1533,1601,1635,4,9,0,2,7,2,202,7,233,1567
芝川集,1532,1607,1632,7,11,0,13,5,3,180,10,229,1569
白麓遺稿,1532,1585,1660,0,1,0,0,3,0,219,12,235,1558
省菴遺稿,1542,1590,,4,7,0,6,3,1,196,7,224,1566
松巖集,1532,1587,1680,13,4,0,31,11,12,1347,31,1449,1559
雪月堂集,1531,1598,1939,0,0,0,11,1,35,300,19,366,1564
八谷集,1531,1604,1648,1,8,0,0,5,0,346,76,436,1567
高峯集,1527,1572,1629,20,31,0,10,11,16,491,72,651,1549
藥圃集,1526,1605,1818,14,53,0,17,10,96,168,12,370,1565
竹川集,1526,1597,1929,1,2,0,2,8,6,29,37,85,1561
玉洞集,1526,1584,1873,6,1,0,0,2,0,45,23,77,1555
愚得錄,1529,1590,1692,2,93,0,0,3,0,11,161,270,1559
栢潭集,1526,1586,1670,10,18,0,57,2,135,1045,9,1276,1556
勿巖集,1549,1594,1774,1,0,0,4,5,5,108,35,158,1571
月川集,1524,1606,1666,6,6,0,23,5,21,129,9,199,1565
思菴集,1523,1589,1857,5,4,0,1,10,6,452,62,540,1556
孤靑遺稿,1523,1591,1750,0,0,0,0,1,0,10,11,22,1557
介庵集,1523,1567,1846,15,1,0,2,2,6,22,13,61,1545
德溪集,1521,1574,1829,5,74,0,55,4,11,126,5,280,1547
習齋集,1520,1593,1653,0,0,0,0,3,0,317,0,320,1556
錦溪集,1517,1563,1755,1,7,0,9,8,28,783,25,861,1540
草堂集,1517,1580,,3,0,0,5,5,0,12,19,44,1548
瞻慕堂集,1517,1572,1669,0,3,0,0,0,0,113,9,125,1544
東園集,1520,1594,1935,12,26,0,5,2,3,70,6,124,1557
土亭遺稿,1517,1578,1720,1,2,0,0,4,0,2,16,25,1547
松川遺集,1519,1581,1842,0,2,0,0,5,4,195,24,230,1550
蓬萊詩集,1517,1584,1626,0,0,0,0,0,0,256,23,279,1550
嘯皐集,1517,1586,1600,14,19,0,16,7,19,221,168,464,1551
聽天堂詩集,1516,1599,,0,0,0,0,0,0,189,0,189,1557
頤庵遺稿,1517,1584,1634,48,0,0,2,5,0,254,44,353,1550
耻齋遺稿,1515,1554,1639,2,2,0,0,1,20,11,29,65,1534
林塘遺稿,1515,1588,1638,2,4,0,0,3,0,0,423,432,1551
穌齋集,1515,1590,1665,27,58,0,7,11,0,1209,105,1417,1552
菊磵集,1514,1578,1591,0,0,0,0,1,0,261,13,275,1546
眉巖集,1513,1577,1897,4,17,0,78,9,17,239,48,412,1545
舟川遺稿,1520,1549,1607,2,4,0,3,2,1,18,4,34,1534
玉溪集,1518,1578,1632,17,30,0,105,3,9,252,44,460,1548
守庵遺稿,1513,1592,1684,1,0,0,0,1,5,90,8,105,1552
游軒集,1512,1560,1801,20,6,0,4,6,0,201,15,252,1536
龜巖集,1512,1571,1902,8,9,0,11,12,6,279,43,368,1541
負暄堂遺稿,1512,1573,1883,3,0,0,1,4,0,55,7,70,1542
寓庵遺集,1512,1563,1789,3,5,0,0,3,0,50,6,67,1537
河西全集,1510,1560,1802,14,7,0,14,9,6,1143,43,1236,1535
十省堂集,1508,1543,1585,2,2,0,0,0,0,319,6,329,1525
秋坡集,1507,1581,1753,13,7,0,0,0,1,35,4,60,1544
忍齋集,1504,1585,1712,42,23,0,3,11,0,363,8,450,1544
艮齋集,1503,1549,1928,7,5,0,12,1,0,678,10,713,1526
南冥集,1501,1572,1604,22,11,0,43,4,42,193,14,329,1536
退溪集,1501,1570,1843,130,90,0,55,39,1047,1059,1926,4346,1535
葛川集,1500,1584,1665,9,8,0,3,5,1,45,10,81,1542
一齋集,1499,1576,1673,4,0,0,15,3,17,46,7,92,1537
東皐遺稿,1499,1572,1586,12,97,0,6,3,30,48,12,208,1535
錦湖遺稿,1514,1547,1677,1,1,0,0,4,0,142,4,152,1530
長吟亭遺稿,1498,1546,1528,1,0,0,0,2,0,78,0,81,1522
石川詩集,1496,1568,1572,0,0,0,0,0,0,660,1,661,1532
龍門集,1498,1557,1779,6,4,0,3,2,3,462,4,484,1527
溫溪逸稿,1496,1550,1772,8,0,0,4,3,0,87,22,124,1523
武陵雜稿,1495,1554,1564,22,9,0,31,24,33,1095,28,1242,1524
松齋遺稿,1498,1551,1777,6,10,0,10,6,4,45,10,91,1524
俛仰集,1493,1582,1829,14,6,0,7,7,21,418,62,535,1537
大谷集,1497,1579,1603,5,4,0,4,1,0,198,4,216,1538
聽松集,1493,1564,1806,5,0,0,7,2,0,27,2,43,1528
泛虛亭集,1493,1564,1942,4,203,0,2,9,14,17,9,258,1528
立巖集,1493,1549,1610,2,28,0,1,7,0,448,10,496,1521
養心堂集,1492,1555,1568,0,0,0,0,3,3,77,3,86,1523
德陽遺稿,1492,1521,1606,4,5,0,1,5,4,326,7,352,1506
湖陰雜稿,1491,1570,1577,36,311,0,3,8,1,1160,3,1522,1530
晦齋集,1491,1553,1565,14,33,0,9,9,5,251,12,333,1522
花潭集,1489,1546,1605,3,3,0,5,8,4,114,20,157,1517
自菴集,1488,1534,1659,3,4,0,1,3,5,68,5,89,1511
漁村集,1487,1540,1572,8,16,0,10,11,0,551,12,608,1513
圭菴集,1499,1547,1907,9,19,0,8,6,3,72,13,130,1523
松齋集,1486,1521,1889,5,22,0,5,4,4,18,15,73,1503
冲庵集,1486,1521,1549,9,8,0,27,10,8,403,12,477,1503
月淵集,1483,1536,1873,6,0,0,2,7,0,17,9,41,1509
木溪逸稿,1464,1519,1910,12,0,0,0,9,1,21,5,48,1491
二樂亭集,1463,1519,1543,45,8,0,3,20,0,177,8,261,1491
鄭文翼公遺稿,1462,1538,1702,4,0,0,0,1,0,12,1,18,1500
山堂集,1458,1491,1685,7,5,0,11,5,3,8,26,65,1474
四雨亭集,1458,1488,1500,0,0,0,0,4,0,421,0,425,1473
錦南集,1454,1504,1571,1,2,0,0,3,0,0,126,132,1479
梅溪集,1454,1503,1883,9,0,0,3,15,1,280,12,320,1478
秋江集,1454,1492,1577,4,1,0,12,5,3,304,17,346,1473
虛白亭集,1438,1504,1843,39,9,0,23,47,5,799,61,983,1471
月軒集,1454,1527,1702,1,7,0,9,5,1,508,8,539,1490
藍溪集,1449,1498,1914,2,2,0,8,6,1,10,17,46,1473
蓮軒雜稿,1449,1507,1696,1,0,0,0,4,0,357,5,367,1478
顔樂堂集,1448,1492,1516,6,16,0,1,10,0,132,7,172,1470
㵢谿集,1445,1494,1530,0,0,0,0,0,0,380,35,415,1469
一蠹集,1450,1504,1635,7,11,0,22,6,7,9,23,85,1477
大峯集,1439,1504,1787,5,7,0,5,5,5,64,3,94,1471
虛白堂集,1439,1504,1841,4,8,0,17,42,4,1008,64,1147,1471
懶齋集,1449,1515,1568,5,5,0,2,2,0,106,10,130,1482
梅月堂集,1435,1493,1583,12,0,0,0,3,3,1438,94,1550,1464
逍遙齋集,1432,1480,1813,1,0,0,0,5,0,226,2,234,1456
佔畢齋集,1431,1492,1789,15,6,0,2,23,5,1092,21,1164,1461
眞逸遺稿,1427,1456,1467,1,1,0,0,8,0,117,4,131,1441
私淑齋集,1424,1483,1805,11,6,0,5,27,4,214,33,300,1453
靑坡集,1438,1498,,2,1,0,0,13,0,101,7,124,1468
篠䕺遺稿,1452,1529,1810,5,0,0,12,4,1,45,3,70,1490
三灘集,1422,1484,1514,19,1,0,4,27,1,567,8,627,1453
漁溪集,1420,1489,1901,8,15,0,10,8,2,51,9,103,1454
四佳集,1420,1488,1705,9,3,0,1,76,0,3456,59,3604,1454
成謹甫集,1418,1456,,6,2,0,0,11,0,39,6,64,1437
保閑齋集,1417,1475,1645,9,10,0,12,36,2,610,26,705,1446
樗軒集,1415,1477,1587,3,4,0,1,3,0,292,7,310,1446
訥齋集,1415,1482,1791,3,40,0,0,7,3,19,13,85,1448
朴先生遺稿,1417,1456,1658,0,4,0,0,30,1,21,11,67,1436
太虛亭集,1409,1474,1707,4,28,0,3,20,0,85,7,147,1441
拭疣集,1409,1481,,4,1,0,1,7,0,214,38,265,1445
敬齋遺稿,1408,1442,1804,5,6,0,28,5,0,14,7,65,1425
不憂軒集,1401,1481,1786,4,4,0,0,3,0,38,3,52,1441
泰齋集,1388,1443,1815,4,0,0,4,8,0,528,5,549,1415
丹溪遺稿,1412,1456,1768,3,4,0,3,5,1,13,5,34,1434
敬齋集,1376,1453,1919,5,6,0,12,11,0,180,16,230,1414
寅齋集,1374,1446,1929,4,32,0,1,2,0,8,4,51,1410
菊堂遺稿,1374,1446,1895,2,4,0,5,11,2,92,8,124,1410
別洞集,1373,1455,1749,6,30,0,9,7,1,95,5,153,1414
秋潭集,1574,1643,1929,3,1,0,3,5,1,1449,8,1470,1608
松竹堂集,1571,1639,1898,4,5,0,5,3,0,167,1,185,1605
慕夏堂集,1571,1642,1798,5,8,0,3,2,35,2,6,61,1606
雲壑集,1569,1647,1898,8,1,0,9,12,3,149,12,194,1608
松塢集,1569,1639,1860,4,8,0,8,2,17,62,3,104,1604
養直集,1571,1649,1851,5,0,0,10,2,30,73,7,127,1610
石潭集,1569,1634,,12,7,0,41,9,39,234,11,353,1601
藏谷集,1569,1631,1860,2,8,0,11,4,15,32,10,82,1600
楊浦遺藁,1568,1589,1636,2,0,0,1,4,1,112,1,121,1578
浣亭集,1568,1639,,14,18,0,26,0,27,109,12,206,1603
雪汀集,1568,1630,1820,4,25,0,36,6,2,338,6,417,1599
竹窓遺稿,1569,1601,1704,0,0,0,0,3,0,270,0,273,1585
丹谷集,1568,1633,1786,11,2,0,9,9,17,222,21,291,1600
東溪集,1567,1637,,4,1,0,10,7,11,512,2,547,1602
習靜集,1567,1618,1907,8,1,0,23,4,8,157,9,210,1592
遯峯集,1567,1650,1809,6,2,0,11,6,3,60,2,90,1608
壺峯集,1568,1624,1913,2,0,0,1,4,0,181,1,189,1596
洛西集,1566,1629,1730,4,65,0,0,5,4,119,2,199,1597
孤舟集,1566,1635,1786,1,0,0,0,2,3,263,6,275,1600
鶴松集,1566,1624,1713,1,6,0,0,1,0,4,10,22,1595
艮庭集,1566,1619,1912,6,14,0,6,8,25,283,5,347,1592
二憂堂集,1660,1722,1759,2,102,0,2,0,0,229,2,337,1691
甁窩集,1653,1733,1774,1,202,0,0,2,16,287,10,518,1693
汾厓遺稿,1628,1687,1734,9,38,0,28,2,4,1222,25,1328,1657
愚潭集,1625,1707,1937,10,39,0,23,8,105,24,17,226,1666
孤山集,1625,1701,1775,43,0,0,43,13,78,389,10,576,1663
畏齋集,1625,1689,,33,36,0,17,8,49,230,5,378,1657
谷雲集,1624,1701,1711,5,0,0,6,9,47,97,31,195,1662
木齋集,1620,1674,1761,28,6,0,26,19,40,283,80,482,1647
打愚遺稿,1620,1690,1761,10,80,0,13,4,113,91,5,316,1655
白湖集,1617,1680,1927,18,223,0,31,19,144,202,30,667,1648
東里集,1617,1678,1702,2,54,0,24,4,1,914,40,1039,1647
存齋集,1619,1672,1696,13,4,0,22,8,52,146,6,251,1645
野堂遺稿,1616,1680,1909,6,19,0,4,2,0,55,2,88,1648
歸溪遺稿,1616,1671,1672,10,42,0,5,7,1,63,1,129,1643
葵窓遺稿,1614,1662,1712,4,8,0,2,8,4,927,18,971,1638
六谷遺稿,1613,1671,1865,7,84,0,7,4,1,125,1,229,1642
久堂集,1612,1671,1730,14,102,0,45,31,6,1318,52,1568,1641
滄洲遺稿,1610,1656,1708,5,84,0,25,1,1,325,18,459,1633
松谷集,1609,1671,1705,17,104,0,57,1,0,179,11,369,1640
淸溪集,1620,1660,1695,2,29,0,8,2,0,274,6,321,1640
忠烈公遺稿,1609,1637,1697,7,19,0,6,5,3,20,7,67,1623
草廬集,1607,1684,1805,18,145,0,52,8,626,219,44,1112,1645
市南集,1607,1664,1805,19,81,0,47,13,292,683,63,1198,1635
魯西遺稿,1610,1669,1712,21,45,0,49,9,309,350,44,827,1639
同春堂集,1606,1672,1687,53,252,0,92,10,604,75,10,1096,1639
石湖遺稿,1606,1672,,6,17,0,61,0,293,53,0,430,1639
東江遺集,1605,1660,1690,8,23,0,28,10,0,351,14,434,1632
炭翁集,1604,1672,1738,15,26,0,39,0,164,214,35,493,1638
樂靜集,1606,1655,1670,1,144,0,0,1,0,476,3,625,1630
柏谷集,1604,1684,1687,20,28,0,15,63,8,1085,64,1283,1644
漫浪集,1604,1656,1668,15,28,0,18,17,0,622,13,713,1630
雪峯遺稿,1603,1681,,34,70,0,24,10,0,1609,20,1767,1642
宋子大全,1607,1689,1901,609,595,0,231,364,6410,624,601,9434,1648
鶴洲全集,1602,1654,1718,12,29,0,8,6,6,417,21,499,1628
抱翁集,1600,1668,1914,10,10,0,22,3,34,42,6,127,1634
湖洲集,1599,1660,1677,13,34,0,16,9,0,448,7,527,1629
龍西集,1601,1672,1775,5,3,0,9,3,1,224,6,251,1636
玄洲集,1598,1645,1675,2,28,0,17,2,0,319,82,450,1621
台溪集,1597,1658,1683,10,19,0,10,9,5,453,4,510,1627
南坡集,1605,1687,1782,12,109,0,6,3,44,477,15,666,1646
家州集,1597,1635,1718,2,0,0,2,3,0,84,1,92,1616
陽坡遺稿,1602,1673,,2,275,0,13,1,5,472,19,787,1637
月洲集,1627,1693,1866,5,94,0,6,4,37,204,3,353,1660
潛庵逸稿,1495,1547,1833,4,2,0,4,3,1,132,5,151,1521
桐江遺稿,1701,1759,1810,22,1,0,5,7,38,24,1,98,1730
震溟集,1713,1770,1937,41,3,0,15,35,27,866,32,1019,1741
賁需齋集,1697,1731,1781,2,5,0,29,13,40,149,46,284,1714
南村集,1698,1782,1921,20,0,0,60,10,50,13,10,163,1740
厚庵集,1701,1781,1812,12,2,0,11,11,48,270,17,371,1741
蒼霞集,1698,1761,1773,32,84,0,15,18,8,208,23,388,1729
藥軒遺集,1700,1748,1861,13,2,0,29,28,35,163,29,299,1724
八友軒集,1709,1788,1831,8,1,0,39,12,23,338,33,454,1748
松湖集,1703,1773,1832,4,25,0,3,13,0,338,12,395,1738
活山集,1709,1784,1826,23,1,0,9,15,24,231,52,355,1746
鳳谷桂察訪遺集,1708,1775,1859,8,4,0,7,16,2,48,86,171,1741
兼山集,1696,1752,1775,13,5,0,29,14,59,99,36,255,1724
白水集,1700,1767,1928,20,0,0,44,39,154,115,389,761,1733
晩翁集,1711,1795,1899,1,0,0,4,9,1,79,7,101,1753
太華子稿,1696,1728,1736,3,0,0,6,9,11,303,6,338,1712
麗澤齋遺稿,1701,1778,1787,6,0,0,5,5,48,37,13,114,1739
寒泉遺稿,1697,1731,1739,3,0,0,0,4,0,232,2,241,1714
豹菴稿,1713,1791,,9,0,0,12,112,0,296,26,455,1752
庸齋集,1713,1784,,11,9,0,45,5,140,430,68,708,1748
芐亭集,1696,1751,1788,10,8,0,25,13,96,100,36,288,1723
夷峯集,1700,1773,1909,14,0,0,29,16,81,289,9,438,1736
梨湖遺稿,1713,1751,1771,5,0,0,2,3,20,9,10,49,1732
二恥齋集,1691,1742,1899,11,0,0,21,11,28,157,31,259,1716
易安堂集,1695,1776,1852,2,1,0,10,5,3,293,4,318,1735
一菴集,1690,1722,1768,1,0,0,7,7,2,90,9,116,1706
橧巢集,1693,1738,,16,0,0,50,11,19,445,8,549,1715
朴澹翁集,1683,1753,1770,1,0,0,0,5,7,173,8,194,1718
靑壁集,1693,1748,,3,2,0,25,4,35,108,3,180,1720
牛川集,1694,1760,1832,11,29,0,40,2,40,232,3,357,1727
止庵遺稿,1691,1770,,28,70,0,25,4,1,392,13,533,1730
寒松齋集,1691,1757,1796,4,0,0,11,10,10,236,19,290,1724
靜坐窩集,1694,1756,1756,9,1,0,12,5,165,149,44,385,1725
晩慕遺稿,1695,1775,1834,3,12,0,16,5,15,325,8,384,1735
慕山遺稿,1693,1747,1800,3,1,0,18,6,21,167,22,238,1720
戰兢齋集,1694,1780,1868,6,0,0,33,5,14,193,3,254,1737
杜機詩集,1691,1762,,0,0,0,0,2,0,703,0,705,1726
寄翁集,1675,1748,1764,5,2,0,26,3,0,286,2,324,1711
顧齋集,1669,1734,1850,5,1,0,35,3,152,46,7,249,1701
逋軒集,1672,1759,1822,7,5,0,51,4,39,228,14,348,1715
知足堂集,1674,1753,1907,6,0,0,21,7,9,103,4,150,1713
有懷堂集,1668,1734,,29,65,0,29,18,9,251,20,421,1701
后溪集,1663,1741,1747,11,1,0,5,25,19,1010,7,1078,1702
拙隱遺稿,1675,1748,1788,11,0,0,14,12,10,56,47,150,1711
芸窩集,1668,1735,1784,7,1,0,10,11,8,501,4,542,1701
雨溪集,1675,1762,1880,4,1,0,9,3,9,227,4,257,1718
三秀軒稿,1664,1700,1712,3,0,0,6,23,0,190,4,226,1682
正菴集,1678,1717,1773,1,0,0,4,4,64,90,46,209,1697
和隱集,1672,1736,1738,14,2,0,13,17,7,342,10,405,1704
槎川詩抄,1671,1751,1778,0,0,0,0,1,0,324,0,325,1711
順菴集,1675,1735,1741,3,0,0,21,28,16,451,3,522,1705
和菴集,1665,1736,1748,1,0,0,1,1,0,428,0,431,1700
訥軒集,1663,1735,1898,6,0,0,33,8,6,227,57,337,1699
澤齋遺唾,1666,1683,1684,4,0,0,0,7,0,71,0,82,1674
觀我齋稿,1686,1761,,5,2,0,18,21,0,88,16,150,1723
弼雲稿,1673,1745,1747,3,8,0,29,4,12,610,9,675,1709
退漁堂遺稿,1684,1755,1805,0,47,0,0,1,0,602,0,650,1719
鳳巖集,1684,1762,1807,8,3,0,2,11,19,25,25,93,1723
石門集,1688,1769,,18,16,0,37,13,23,415,14,536,1728
茅溪集,1672,1736,1907,11,4,0,17,6,71,117,14,240,1704
黃臯集,1688,1768,1845,10,0,0,20,10,73,254,18,385,1728
屯菴集,1686,1736,1758,10,25,0,15,10,18,180,22,280,1711
老隱集,1685,1728,1794,2,5,0,7,9,2,87,13,125,1706
菊圃集,1690,1742,1775,16,14,0,33,18,10,684,29,804,1716
慕軒集,1687,1756,1840,8,10,0,13,5,13,330,15,394,1721
西齋集,1687,1730,1844,6,22,0,13,3,41,258,6,349,1708
退軒遺稿,1688,1762,,32,122,0,52,2,2,113,5,328,1725
花溪集,1687,1760,1883,8,0,0,9,23,33,839,54,966,1723
沙村集,1691,1742,1765,2,12,0,9,6,10,165,5,209,1716
東溪遺稿,1687,1747,1759,1,0,0,10,3,9,226,4,253,1717
牧谷集,1687,1755,1767,16,58,0,17,12,0,295,9,407,1721
鳴臯集,1692,1757,1935,22,25,0,54,25,139,497,34,796,1724
涵溪集,1660,1720,1790,4,0,0,17,2,130,316,10,479,1690
白南集,1684,1729,1858,5,14,0,13,8,8,352,13,413,1706
華齋集,1682,1747,,10,10,0,9,1,40,59,10,139,1714
昌舍集,1664,1722,1874,6,8,0,23,14,7,292,23,373,1693
龍浦集,1669,1742,1872,8,5,0,18,6,17,224,8,286,1705
退庵集,1680,1722,1898,8,0,0,6,7,41,45,9,116,1701
淸泠子遺稿,1683,1712,,1,0,0,3,0,0,130,0,134,1697
鶴臯集,1683,1758,,12,15,0,18,14,4,1109,18,1190,1720
六化集,1652,1731,1903,8,1,0,17,12,2,137,6,183,1691
櫟翁遺稿,1660,1727,,7,49,0,5,0,0,90,12,163,1693
寤齋集,1656,1739,,8,17,0,10,8,2,518,7,570,1697
弘道遺稿,1662,1723,,5,0,0,20,6,11,760,321,1123,1692
洞虛齋集,1654,1676,1769,1,2,0,0,2,10,38,2,55,1665
晦隱集,1654,1722,1723,14,0,0,4,5,17,99,23,162,1688
寓庵集,1661,1719,1860,7,0,0,10,3,3,258,21,302,1690
竹軒集,1678,1722,1760,7,27,0,12,7,5,106,2,166,1700
悔窩集,1683,1752,1904,6,2,0,13,41,6,522,72,662,1717
茅洲集,1658,1734,1790,12,0,0,13,8,17,1245,3,1298,1696
觀水齋遺稿,1687,1705,1721,0,0,0,4,2,0,95,1,102,1696
朴正字遺稿,1664,1697,,8,12,0,6,3,81,191,44,345,1680
慵窩集,1680,1746,,17,1,0,7,6,26,169,6,232,1713
凝齋集,1681,1722,1776,0,0,0,0,2,0,178,18,198,1701
夢悟齋集,1680,1721,1735,1,7,0,2,3,0,152,0,165,1700
明庵集,1683,1746,1901,7,2,0,4,10,18,544,14,599,1714
晩隱遺稿,1660,1718,1802,2,3,0,8,1,2,35,4,55,1689
南忠壯公詩稿,1653,1728,1748,2,0,0,1,3,0,113,0,119,1690
儉齋集,1653,1719,,25,84,0,29,22,313,490,76,1039,1686
東圃集,1681,1747,1757,11,0,0,11,4,18,820,12,876,1714
灘村遺稿,1658,1730,1929,3,1,0,23,24,39,26,18,134,1694
默庵集,1666,1734,,5,1,0,3,3,2,0,2,16,1700
是庵集,1675,1731,1868,5,0,0,14,4,0,136,5,164,1703
西州集,1682,1747,1854,10,5,0,30,3,32,355,6,441,1714
秋潭集,1659,1711,1926,8,0,0,39,8,217,69,13,354,1685
松窩集,1682,1752,1873,3,0,0,66,20,118,451,17,675,1717
自濡軒集,1656,1716,1897,5,0,0,7,6,14,145,8,185,1686
鶴塘遺稿,1681,1746,,4,305,0,21,2,0,380,77,789,1713
絅菴集,1646,1707,1766,9,34,0,12,4,9,211,12,291,1676
約齋集,1636,1707,1956,14,67,0,16,7,0,862,6,972,1671
野村集,1643,1712,1890,12,9,0,45,5,28,290,9,398,1677
遁翁集,1642,1709,1830,5,2,0,1,18,0,64,47,137,1675
葵亭集,1636,1699,1778,10,25,0,28,5,0,618,19,705,1667
懶隱集,1644,1700,1880,8,29,0,46,2,71,367,18,541,1672
槽巖集,1640,1676,1761,2,14,0,6,2,1,81,1,107,1658
泛虛亭集,1638,1695,1744,5,45,0,21,8,2,294,17,392,1666
觀瀾齋遺稿,1636,1711,1862,6,1,0,27,8,18,1,3,64,1673
安村集,1637,1678,1908,5,2,0,6,1,20,33,10,77,1657
蘆洲集,1637,1702,1747,17,8,0,23,4,2,358,14,426,1669
山澤齋集,1635,1719,1910,6,0,0,14,8,17,193,5,243,1677
敝帚遺稿,1634,1707,1868,1,0,0,2,7,1,179,6,196,1670
退堂集,1633,1705,,17,61,0,15,13,0,594,8,708,1669
松坡集,1633,1709,,57,45,0,19,14,8,1213,25,1381,1671
梅山集,1685,1757,1790,37,8,0,46,9,174,235,18,527,1721
陽谷集,1624,1689,1762,4,43,0,23,5,0,146,8,229,1656
西巖遺稿,1622,1707,1710,2,5,0,2,2,0,276,4,291,1664
松月齋集,1625,1715,,9,0,0,11,12,4,31,37,104,1670
南圃集,1624,1671,1831,7,4,0,10,18,17,457,71,584,1647
歸巖集,1622,1680,1871,26,79,0,52,15,16,206,13,407,1651
錦江集,1629,1711,1772,8,0,0,19,5,126,84,4,246,1670
雙栢堂集,1630,1701,1721,0,50,0,2,5,0,204,4,265,1665
林湖集,1629,1698,1812,3,12,0,4,10,7,366,12,414,1663
聱齖齋集,1628,1695,1916,16,16,0,21,16,3,616,24,712,1661
春沼子集,1619,1658,1682,13,5,0,13,14,6,174,37,262,1638
雲浦遺稿,1625,1691,,2,118,0,0,1,0,0,2,123,1658
松溪集,1622,1658,1774,1,17,0,9,4,6,338,3,378,1640
初菴集,1624,1656,,5,19,0,10,10,10,424,18,496,1640
芝村集,1623,1695,1865,9,20,0,16,2,65,132,2,246,1659
東山遺稿,1628,1686,1881,6,0,0,11,4,28,72,7,128,1657
梅澗集,1625,1691,1722,2,22,0,0,2,0,321,0,347,1658
德浦遺稿,1631,1698,1833,5,22,0,10,1,11,79,2,130,1664
西溪集,1677,1756,1812,65,2,0,77,44,183,324,80,775,1716
KC01783菴集,1676,1762,1823,11,2,0,22,23,28,354,23,463,1719
節谷集,1677,1740,1865,2,0,0,8,5,24,99,6,144,1708
淸臺集,1679,1759,1797,57,27,0,32,36,184,602,28,966,1719
一峯集,1634,1685,1717,6,15,0,10,6,4,263,9,313,1659
東溪集,1653,1704,1736,13,60,0,16,19,0,626,15,749,1678
壺隱集,1642,1704,1722,0,26,0,17,2,0,317,2,364,1673
桂窩集,1616,1659,,3,1,0,3,4,0,176,1,188,1637
石門集,1618,1666,1874,4,5,0,8,8,8,344,10,387,1642
竹堂集,1610,1665,1689,11,60,0,17,32,0,993,2,1115,1637
存養齋集,1612,1684,1901,12,11,0,31,8,15,152,5,234,1648
活齋集,1613,1654,1805,5,2,0,6,15,11,92,205,336,1633
晦谷集,1608,1670,1694,3,36,0,22,3,0,470,6,540,1639
石洞遺稿,1615,1689,1935,11,0,0,18,7,23,143,10,212,1652
明谷集,1614,1683,1902,4,4,0,6,4,0,176,3,197,1648
藏六堂遺集,1615,1665,1685,1,14,0,6,2,1,155,0,179,1640
伊溪集,1620,1681,1820,17,9,0,24,19,7,263,26,365,1650
松峯遺稿,1620,1679,1908,7,7,0,24,12,7,184,25,266,1649
靜虛堂集,1612,1661,1708,1,0,0,3,18,3,49,15,89,1636
竹軒集,1611,1678,1936,6,5,0,13,5,3,86,3,121,1644
晩洲遺集,1606,1680,1794,2,14,0,10,27,1,720,22,796,1643
東村遺稿,1543,1631,1807,3,7,0,2,2,2,34,2,52,1587
八斯遺稿,1611,1673,1889,3,0,0,22,6,5,128,2,166,1642
八松集,1611,1693,1902,8,11,0,16,14,4,399,20,472,1652
磨鏡軒集,1606,1629,1635,1,0,0,0,1,0,100,0,102,1617
秋潭集,1614,1690,,2,56,0,15,7,16,449,12,557,1652
晩洲集,1606,1664,1748,0,27,0,1,2,0,557,17,604,1635
琴湖遺稿,1632,1702,1712,4,0,0,0,2,0,613,0,619,1667
恥菴集,1628,1691,1844,3,0,0,0,5,181,46,11,246,1659
損庵集,1631,1680,1749,4,32,0,13,7,35,113,21,225,1655
雪蕉遺稿,1632,1682,1705,0,0,0,0,1,0,157,0,158,1657
梧灘集,1620,1688,1708,2,28,0,15,4,0,1978,0,2027,1654
錦翁集,1628,1673,1732,5,1,0,13,5,34,53,7,118,1650
南岳集,1631,1690,1704,5,13,0,14,18,8,173,5,236,1660
竹西集,1625,1673,1685,1,53,0,0,1,0,0,0,55,1649
六寓堂遺稿,1628,1682,,1,54,0,26,7,0,1578,13,1679,1655
泛翁集,1623,1680,1709,4,13,0,4,6,0,543,2,572,1651
秋潭集,1625,1711,1905,9,0,0,31,1,32,168,3,244,1668
雪海遺稿,1604,1672,,0,15,0,3,1,0,362,28,409,1638
琴川集,1601,1647,1907,5,5,0,8,4,3,80,2,107,1624
洛村集,1603,1644,,7,12,0,19,1,0,39,2,80,1623
瓢隱集,1598,1669,1735,6,0,0,12,2,37,177,1,235,1633
無何堂遺稿,1606,1672,,0,29,0,69,2,2,1430,0,1532,1639
孤松集,1600,1673,1739,2,2,0,9,7,0,167,1,188,1636
鷗浦集,1600,1674,1696,0,11,0,1,1,0,271,13,297,1637
聽天堂集,1599,1676,,9,33,0,33,4,28,135,5,247,1637
溪西逸稿,1595,1664,1863,3,14,0,5,3,14,50,11,100,1629
百拙庵集,1602,1662,1789,3,7,0,11,3,25,135,2,186,1632
松坡集,1599,1655,1715,3,12,0,3,18,0,214,7,257,1627
塘村集,1605,1654,1907,5,9,0,3,13,1,296,11,338,1629
石溪集,1590,1674,,14,1,0,22,6,13,169,13,238,1632
魯庵集,1597,1675,1850,7,15,0,10,8,2,49,2,93,1636
拙齋集,1598,1674,1791,15,8,0,18,18,60,131,48,298,1636
騏峯集,1598,1668,1802,1,4,0,0,2,1,436,5,449,1633
愚川集,1601,1663,1833,12,1,0,26,17,26,392,91,565,1632
棠溪集,1602,1644,1869,3,3,0,2,0,7,34,8,57,1623
滄洲集,1596,1657,1863,4,33,0,18,9,5,162,27,258,1626
杜谷集,1595,1656,1824,6,2,0,15,6,4,326,10,369,1625
四友堂集,1597,1659,1890,10,25,0,21,8,79,91,3,237,1628
亮谷遺稿,1596,1633,1789,2,2,0,3,3,10,13,8,41,1614
野塘遺稿,1596,1663,,0,0,0,0,0,0,749,0,749,1629
冶谷集,1595,1658,1893,11,25,0,35,12,39,72,32,226,1626
西歸遺藁,1602,1662,1876,10,1,0,22,19,17,262,17,348,1632
商谷集,1597,1668,1798,1,11,0,3,3,0,230,2,250,1632
林谷集,1586,1657,1834,15,0,0,35,19,31,376,21,497,1621
八吾軒集,1641,1707,1873,6,17,0,21,7,13,238,7,309,1674
雪汀詩集,1590,1647,,0,0,0,0,4,0,795,0,799,1618
茅庵集,1635,1707,1873,13,3,0,16,1,15,146,5,199,1671
龜川遺稿,1642,1718,,0,0,0,0,0,48,0,862,910,1680
遂初堂集,1651,1726,1869,9,31,0,5,6,78,87,9,225,1688
汾西集,1592,1645,1682,11,1,0,15,24,3,403,22,479,1618
素隱遺稿,1592,1661,1696,9,1,0,2,4,0,128,16,160,1626
鳩巢集,1642,1708,1890,3,8,0,18,2,2,182,3,218,1675
晴峯集,1594,1660,1673,0,10,0,0,2,0,524,4,540,1627
觀復齋遺稿,1649,1704,,2,350,0,1,6,2,143,12,516,1676
靜齋集,1646,1701,1937,17,79,0,52,3,28,31,15,225,1673
養窩集,1646,1700,,33,8,0,27,22,70,717,115,992,1673
石屛集,1594,1669,1913,0,14,0,4,3,1,262,14,298,1631
鳳谷集,1650,1692,1905,9,9,0,13,2,22,96,11,162,1671
東岡遺稿,1646,1730,1858,21,0,0,22,9,58,70,6,186,1688
是窩遺稿,1646,1687,1739,5,27,0,13,6,0,126,11,188,1666
碁峯集,1653,1704,1764,4,32,0,12,2,0,151,2,203,1678
鬧隱集,1617,1678,1792,3,0,0,3,5,0,65,13,89,1647
寒沙集,1591,1658,1870,12,25,0,60,12,2,217,8,336,1624
博泉集,1641,1698,1721,13,40,0,14,44,0,683,23,817,1669
遯溪遺編,1588,1661,1679,2,3,0,7,23,11,0,24,70,1624
嘿守堂集,1588,1641,,0,17,0,7,19,23,242,56,364,1614
花浦遺稿,1586,1637,1709,5,10,0,4,3,1,85,7,115,1611
遯軒集,1588,1671,1890,2,6,0,1,2,2,474,4,491,1629
懶齋集,1589,1659,,12,25,0,31,10,35,123,6,242,1624
釣隱集,1589,1662,1780,11,0,0,14,6,1,92,4,128,1625
天默遺稿,1585,1645,1713,3,35,0,18,2,5,70,8,141,1615
無住逸稿,1586,1646,,2,12,0,8,0,1,70,4,97,1616
白石遺稿,1585,1651,,4,43,0,13,9,29,157,24,279,1618
于郊堂遺稿,1590,1666,1922,4,0,0,5,3,8,634,4,658,1628
九峯集,1630,1680,,1,6,0,3,2,1,237,3,253,1655
玄巖遺稿,1587,1656,1675,2,1,0,0,3,2,238,12,258,1621
无悶堂集,1583,1640,1814,7,1,0,24,7,41,162,108,350,1611
晩沙稿,1593,1662,1759,4,103,0,14,1,0,54,5,181,1627
少痊集,1595,1658,,2,19,0,4,0,15,128,4,172,1626
睡隱遺集,1595,1660,1771,9,0,0,11,3,10,66,3,102,1627
秋山集,1582,1646,1846,4,9,0,4,8,3,127,6,161,1614
靑霞集,1585,1659,1720,3,0,0,2,8,0,227,5,245,1622
玄洲集,1582,1657,,12,26,0,11,16,0,507,4,576,1619
月峯集,1578,1636,1864,4,55,0,6,6,0,105,1,177,1607
南磵集選,1584,1638,1799,3,0,0,0,6,0,93,6,108,1611
時庵集,1582,1657,1845,5,2,0,34,6,74,106,10,237,1619
河陰集,1580,1639,1835,10,16,0,30,3,83,429,16,587,1609
晩悟集,1576,1631,1927,8,67,0,16,6,38,170,8,313,1603
苔川集,1585,1639,,5,8,0,4,3,0,294,5,319,1612
石門集,1577,1650,1821,7,2,0,15,5,7,337,4,377,1613
淸風子集,1571,1629,1760,8,0,0,9,4,22,370,4,417,1600
水北遺稿,1584,1647,1805,3,15,0,6,2,1,320,6,353,1615
東溪集,1575,1644,1875,12,29,0,36,3,47,239,11,377,1609
修巖集,1582,1635,1773,6,3,0,36,2,68,86,12,213,1608
藤庵集,1574,1655,1859,10,0,0,71,4,74,166,14,339,1614
雙峯集,1577,1658,1809,7,10,0,29,12,2,116,20,196,1617
潛窩遺稿,1572,1630,,4,9,0,15,5,5,155,2,195,1601
竹牖詩集,1584,1663,1668,3,0,0,6,1,0,235,2,247,1623
忘窩集,1577,1648,,6,36,0,20,1,15,452,4,534,1612
竹老集,1576,1643,,4,1,0,1,11,4,84,6,111,1609
白潭遺集,1583,1650,1807,4,3,0,18,4,0,148,2,179,1616
琴巖集,1582,1612,1616,0,0,0,0,2,0,108,1,111,1597
灌圃集,1571,1642,1846,1,6,0,3,2,0,154,8,174,1606
菊潭集,1572,1652,,4,1,0,2,8,0,71,11,97,1612
溫裕齋集,1791,1870,1879,17,0,0,4,10,24,190,14,259,1830
冠巖全書,1774,1851,,18,73,0,64,150,55,239,167,766,1812
好古窩集,1773,1832,1896,9,1,0,25,13,132,329,79,588,1802
蘭菊齋集,1772,1837,1851,8,0,0,28,7,16,80,8,147,1804
古溪集,1788,1861,1897,32,5,0,32,37,29,119,7,261,1824
愼窩集,1781,1858,1903,11,3,0,44,28,77,32,35,230,1819
制庵集,1774,1848,1873,19,1,0,28,16,47,239,21,371,1811
靜一堂遺稿,1772,1832,1836,8,0,0,5,7,12,52,11,95,1802
書巢集,1783,1866,1900,14,5,0,24,7,10,99,14,173,1824
東里集,1783,1853,1884,6,1,0,39,15,44,165,2,272,1818
活水翁遺稿,1779,1865,1882,12,2,0,3,4,9,81,20,131,1822
松西集,1773,1834,1926,8,4,0,31,8,59,205,15,330,1803
初庵全集,1774,1842,1901,68,2,0,43,14,46,177,14,364,1808
純齋稿,1790,1834,1836,1,837,0,43,8,0,166,62,1117,1812
靜修齋遺稿,1783,1830,1878,1,2,0,9,12,4,133,28,189,1806
敬菴集,1778,1864,1885,37,0,0,14,13,91,330,28,513,1821
晩羲集,1788,1860,1895,8,5,0,5,44,19,617,83,781,1824
重菴稿,1769,1801,,4,8,0,3,25,4,169,67,280,1785
壽靜齋集,1782,1839,1900,8,0,0,52,5,149,185,16,415,1810
甫山集,1787,1868,1877,4,8,0,12,7,0,433,6,470,1827
屯塢集,1781,1859,1872,50,0,0,11,17,85,58,34,255,1820
夢觀詩稿,1778,1853,1891,0,0,0,0,3,0,286,0,289,1815
大埜集,1768,1834,,8,0,0,33,10,129,70,27,277,1801
所菴集,1774,1840,1904,32,0,0,49,24,298,120,58,581,1807
新野集,1758,1833,,42,0,0,42,25,73,278,29,489,1795
陶溪遺稿,1760,1826,,7,0,0,21,10,18,155,6,217,1793
癡庵集,1748,1812,1860,34,3,0,32,40,50,352,62,573,1780
山木軒集,1757,1821,1833,26,68,0,60,27,0,190,83,454,1789
窮悟集,1754,1822,,16,2,0,10,19,14,475,8,544,1788
訥窩集,1765,1836,1934,8,1,0,26,5,75,352,5,472,1800
足睡堂集,1755,1812,1824,2,0,0,5,3,1,531,5,547,1783
誠齋集,1760,1821,,7,0,0,40,4,175,37,17,280,1790
修溪集,1768,1834,1865,12,6,0,36,15,86,205,42,402,1801
敦巖集,1765,1817,,11,138,0,20,8,38,75,7,297,1791
弦窩集,1757,1827,1897,3,3,0,38,23,52,179,14,312,1792
葛川集,1760,1830,1903,20,9,0,34,14,34,128,23,262,1795
白下集,1766,1840,1909,24,6,0,48,15,42,231,7,373,1803
左蘇山人集,1762,1822,,4,0,0,6,9,19,103,37,178,1792
鶴棲集,1763,1837,,66,20,0,92,34,54,189,66,521,1800
守窩集,1765,1842,1906,9,2,0,22,17,29,88,42,209,1803
海隱遺稿,1764,1848,1895,88,1,0,28,80,123,135,89,544,1806
冷泉遺稿,1766,1815,1895,6,0,0,17,1,76,79,4,183,1790
松月漫錄,1767,1822,,0,0,0,0,0,0,1064,0,1064,1794
逸圃集,1764,1842,,21,5,0,55,24,10,251,51,417,1803
雲谷集,1768,1850,1899,34,36,0,75,19,73,227,66,530,1809
三溟詩集,1768,1833,,0,0,0,0,1,0,1262,0,1263,1800
江皐集,1762,1834,1852,76,6,0,93,43,262,151,25,656,1798
壽齋遺稿,1762,1787,,2,60,0,10,3,12,69,16,172,1774
質菴集,1762,1813,1930,4,24,0,14,4,14,47,14,121,1787
文山集,1772,1839,1870,0,0,0,16,12,27,552,11,618,1805
槐潭遺稿,1759,1789,1811,3,0,0,13,8,11,18,16,69,1774
廣瀨集,1755,1831,,33,0,0,40,23,153,204,34,487,1793
一广遺稿,1756,1822,1853,2,0,0,4,8,0,258,16,288,1789
性堂集,1719,1793,1845,3,6,0,12,3,24,85,4,137,1756
悅菴集,1750,1828,1836,4,0,0,26,15,106,209,25,385,1789
密菴集,1716,1774,1939,4,1,0,12,1,69,76,29,192,1745
龜巖集,1745,1802,1820,20,1,0,9,18,54,109,64,275,1773
下枝遺集,1710,1772,1793,3,0,0,43,14,50,124,22,256,1741
懶窩集,1716,1797,1912,9,2,0,11,12,119,209,4,366,1756
華山集,1751,1824,1830,8,6,0,23,9,33,196,31,306,1787
警弦齋集,1717,1786,1840,10,2,0,3,4,3,261,10,293,1751
雙柏堂遺稿,1714,1799,,0,0,0,5,6,1,460,6,478,1756
約齋集,1723,1772,1811,1,0,0,9,10,88,73,31,212,1747
太湖集,1744,1807,1840,6,5,0,46,14,12,237,16,336,1775
平庵集,1710,1767,1878,9,9,0,25,12,21,165,30,271,1738
泊翁詩鈔,1750,1836,1860,0,0,0,0,8,0,719,0,727,1793
韋庵集,1715,1784,,22,40,0,16,2,10,217,4,311,1749
鳳麓集,1712,1774,1778,9,0,0,14,6,3,324,2,358,1743
柯汀遺稿,1739,1808,1847,27,63,0,11,12,0,229,25,367,1773
,1711,1794,1903,5,0,0,28,3,40,82,4,162,1752
丹陵遺稿,1714,1759,1779,4,10,0,38,6,0,460,46,564,1736
尼溪集,1713,1785,1893,9,0,0,26,27,8,569,7,646,1749
近窩集,1755,1822,1960,6,0,0,33,7,68,83,15,212,1788
海嶽集,1718,1764,1801,2,13,0,19,6,5,203,40,288,1741
思軒集,1744,1835,1860,5,4,0,45,14,24,141,10,243,1789
訥菴集,1754,1819,1908,64,4,0,19,20,154,117,13,391,1786
有心齋集,1714,1781,,9,0,0,11,3,89,0,19,131,1747
貞窩集,1744,1818,,31,0,0,19,30,57,357,7,501,1781
農叟集,1712,1779,1896,3,0,0,3,8,41,126,9,190,1745
華泉集,1745,1820,1886,50,13,0,65,28,113,208,28,505,1782
芝厓集,1740,1811,1845,16,0,0,49,5,38,163,16,287,1775
典庵集,1741,1816,1927,11,0,0,12,15,41,334,30,443,1778
東埜集,1734,1799,1845,27,4,0,38,25,39,215,44,392,1766
菑墅集,1739,1821,,51,0,0,19,6,3,158,12,249,1780
德峯集,1738,1805,1902,9,12,0,24,6,50,92,8,201,1771
俛庵集,1739,1810,1876,17,0,0,16,9,244,101,20,407,1774
尤園集,1743,1807,,8,2,0,34,4,55,104,15,222,1775
壺谷集,1744,1823,1900,26,0,0,24,15,250,25,14,354,1783
懼庵集,1739,1822,1860,14,2,0,38,13,27,371,31,496,1780
頤齋集,1733,1805,1836,18,2,0,32,42,24,94,84,296,1769
濯溪集,1736,1811,1828,13,0,0,24,7,85,59,31,219,1773
鶴林集,1740,1808,1844,10,5,0,58,31,170,325,26,625,1774
菊軒集,1734,1765,,1,1,0,5,2,3,3,1,16,1749
蘿山集,1731,1809,1859,6,5,0,24,15,124,0,35,209,1770
龜窩集,1739,1816,1846,82,22,0,65,47,126,109,20,471,1777
儉巖山人詩集,1738,1801,1814,0,0,0,0,2,0,288,0,290,1769
晦屛集,1731,1812,,30,0,0,29,21,161,188,28,457,1771
蠹窩集,1739,1812,1908,28,4,0,28,39,102,188,31,420,1775
雨皐集,1728,1812,,23,0,0,37,19,97,100,3,279,1770
濟庵集,1743,1791,,2,1,0,33,3,116,166,13,334,1767
損齋集,1744,1809,,8,0,0,27,3,369,123,16,546,1776
晩翠亭遺稿,1735,1801,,1,0,0,4,4,13,90,20,132,1768
可庵遺稿,1740,1786,,14,41,0,25,8,169,588,43,888,1763
安窩遺稿,1729,1777,1787,0,30,0,23,10,0,266,13,342,1753
后山集,1722,1797,1823,13,0,0,29,9,235,41,21,348,1759
雲齋遺稿,1724,1754,1831,5,0,0,14,3,4,169,0,195,1739
石堂遺稿,1722,1788,1804,14,0,0,9,19,9,460,38,549,1755
秋潭集,1722,1779,1895,5,6,0,5,5,11,98,9,139,1750
東巖集,1724,1796,1807,22,0,0,31,12,215,28,14,322,1760
退軒集,1725,1775,1824,2,14,0,16,3,77,299,2,413,1750
最窩集,1729,1791,1848,10,7,0,23,4,42,91,21,198,1760
雲溪漫稿,1722,1787,,19,61,0,41,13,61,268,69,532,1754
素巖集,1727,1800,1880,25,0,0,27,16,55,65,7,195,1763
川沙集,1724,1797,1806,4,1,0,34,16,401,121,32,609,1760
魯宇集,1725,1789,1881,5,1,0,39,3,42,196,11,297,1757
霽軒集,1725,1786,1786,17,1,0,13,17,10,154,53,265,1755
默山集,1730,1796,1874,4,5,0,30,6,29,121,7,202,1763
晩谷集,1729,1803,,66,0,0,53,30,152,224,30,555,1766
雲湖集,1727,1796,1817,5,0,0,6,5,45,0,14,75,1761
允摯堂遺稿,1721,1793,1796,4,0,0,3,5,0,0,27,39,1757
五龍齋遺稿,1731,1798,1801,0,3,0,2,3,25,41,3,77,1764
臨汝齋集,1730,1808,1849,42,1,0,63,23,123,140,12,404,1769
梧山集,1726,1781,1831,11,0,0,21,7,49,73,9,170,1753
伴圃遺稿,1721,1772,1813,0,0,0,0,4,0,118,0,122,1746
斗庵集,1730,1802,1836,51,4,0,22,21,22,77,35,232,1766
餘窩集,1727,1810,,75,11,0,21,69,12,1227,40,1455,1768
少眉山房藏,1729,1813,1852,3,1,0,33,8,0,199,28,272,1771
太乙菴集,1724,1799,1944,7,5,0,78,8,106,228,17,449,1761
小訥集,1855,1931,1933,276,1,0,67,114,746,549,228,1981,1893
叢瑣,1834,1906,,0,129,0,63,92,255,3781,201,4521,1870
耐軒集,1804,1892,1907,33,0,0,35,14,36,62,9,189,1848
雲岡集,1814,1875,1894,13,1,0,20,12,112,74,32,264,1844
大溪集,1847,1916,1927,67,7,0,86,82,878,471,123,1714,1881
敬軒集,1809,1830,1836,0,283,0,5,6,0,428,21,743,1819
大溪遺稿,1835,1885,,15,0,1,28,24,148,159,16,391,1860
時庵集,1807,1879,1894,14,2,0,51,29,109,368,40,613,1843
誠菴集,1835,1899,1904,21,0,14,23,28,225,326,56,693,1867
芸窓集,1809,1890,1930,42,18,0,36,44,98,136,55,429,1849
照菴集,1831,1887,1903,2,0,0,15,5,135,85,14,256,1859
仁山集,1814,1889,,12,1,0,18,22,277,38,21,389,1851
櫟菴集,1817,1891,1920,16,19,0,62,26,69,300,26,518,1854
頤齋集,1813,1896,1906,70,3,0,49,41,176,160,37,536,1854
海藏集,1805,1865,1925,23,116,0,41,54,110,1031,145,1520,1835
進溪集,1838,1900,1925,13,0,0,14,28,194,74,14,337,1869
石山遺稿,1814,1880,1885,13,99,0,42,13,11,384,98,660,1847
響山集,1842,1910,1948,182,0,11,31,87,269,218,57,855,1876
石菱集,1844,1890,1898,22,8,0,2,23,4,0,71,130,1867
石澗集,1839,1897,1916,5,0,0,40,7,182,102,10,346,1868
晦堂集,1851,1926,1932,307,0,0,64,168,666,304,317,1826,1888
沙厓集,1808,1882,1933,14,8,0,8,6,74,235,26,371,1845
柏後集,1818,1873,1896,5,1,0,14,10,129,298,8,465,1845
荷居集,1816,1888,1888,6,48,0,7,8,13,109,12,203,1852
心石齋集,1839,1912,1912,215,1,0,21,84,357,525,211,1414,1875
老柏軒集,1843,1911,1912,182,0,0,55,108,959,397,197,1898,1877
皎亭詩集,1807,1888,1906,0,0,0,0,3,0,304,1,308,1847
峿堂集,1820,1882,1900,28,0,10,27,98,163,699,177,1202,1851
立齋集,1818,1902,1905년 이후,117,0,72,50,57,292,221,49,858,1860
臨齋集,1825,1905,1910,29,0,1,25,47,354,132,46,634,1865
拓菴集,1825,1912,1917,386,0,11,110,212,462,414,191,1786,1868
竹圃集,1824,1898,1912,34,0,16,5,21,43,100,28,247,1861
雲菴集,1822,1894,1897,67,0,6,81,73,927,559,175,1888,1858
近庵集,1823,1881,1895년 이후,5,0,0,19,5,27,49,10,115,1852
對山集,1807,1858,1868,0,0,0,0,7,0,605,1,613,1832
渾齋集,1824,1896,1909,13,0,0,21,13,201,28,45,321,1860
晩醒集,1824,1894,1925,58,0,7,26,55,112,245,84,587,1859
愼庵集,1815,1874,1904,31,0,0,31,10,218,160,17,467,1844
遊軒集,1823,1908,1925,58,0,45,54,46,65,478,48,794,1865
石世遺稿,1808,1859,1899,3,22,0,7,2,0,55,1,90,1833
晩香齋詩鈔,1820,1869,1867,0,0,0,0,1,0,176,0,177,1844
曉山集,1837,1908,,20,0,3,43,18,105,344,25,558,1872
克齋集,1827,1885,1897,18,0,0,6,12,132,254,15,437,1856
小松遺稿,1825,1891,1898,5,0,1,11,9,54,483,17,580,1858
農山集,1850,1900,,42,0,0,22,34,154,95,66,413,1875
甪里集,1810,1886,1895,10,3,0,31,26,94,479,29,672,1848
思復齋集,1840,1898,1903,13,0,0,18,21,80,124,37,293,1869
東湖遺稿,1830,1893,1899,3,0,0,1,14,0,132,23,173,1861
柳溪集,1801,1867,1898,32,1,0,47,32,180,47,57,396,1834
薌隱集,1794,1860,1897,5,3,0,23,28,73,90,53,275,1827
龜厓集,1803,1877,1898,8,2,0,34,9,102,115,8,278,1840
凝窩集,1792,1871,1926,88,30,0,53,81,118,477,95,942,1831
玉垂集,1803,1887,1935,13,0,0,0,56,93,5083,81,5326,1845
止軒集,1786,1870,1877,41,1,0,58,10,205,64,46,425,1828
鳳村集,1786,1849,1893,4,0,0,21,19,94,138,145,421,1817
立軒集,1802,1863,1880,7,2,0,25,14,370,350,26,794,1832
卲亭稿,1802,1868,1891,4,7,0,8,11,7,209,17,263,1835
月皐集,1824,1904,1929,62,0,0,28,37,394,371,57,949,1864
景齋集,1830,1905,1911,5,0,1,7,26,79,127,58,303,1867
泉齋集,1806,1866,1895,7,1,0,32,15,77,261,25,418,1836
農廬集,1797,1860,1895,17,0,0,24,36,60,198,36,371,1828
瀛隱集,1793,1875,1895,17,0,0,36,26,43,192,19,333,1834
訂窩集,1800,1871,1889,55,6,0,60,28,99,239,35,522,1835
定軒集,1799,1870,1900,46,4,0,20,36,130,181,22,439,1834
東林集,1800,1862,1906,25,0,0,31,17,145,317,29,564,1831
進菴集,1799,1879,1915,49,1,0,36,25,135,150,28,424,1839
重山齋集,1779,1842,1859,17,8,0,28,10,19,116,20,218,1810
德隱遺稿,1797,1841,1895,5,0,0,10,3,5,42,2,67,1819
直齋集,1793,1860,1908,14,0,0,10,12,63,147,32,278,1826
晦亭集,1802,1873,1909,11,0,0,26,13,94,460,41,645,1837
畏窩集,1779,1841,1900,3,2,0,3,6,23,51,22,110,1810
至樂窩遺稿,1796,1875,1888,9,0,0,43,10,14,138,11,225,1835
龍耳窩集,1800,1873,1909,10,5,0,31,18,18,297,31,410,1836
